partition,base_seed,geometry_digest,family,case_id,candidate_id,mismatch_relative_l2_to_continuous,residual_ratio_to_uncorrected_mismatch,gain_vs_zero,correction_norm_ratio_to_mismatch,prediction_target_cosine,warm_forward_calls,warm_adjoint_calls,visible_projection_forward_calls,evaluator_truth_forward_calls,warm_seconds
calibration,1277,c4cf361ae43294f9cb375ade50ea866adb04e2f825bfefa2fb76e06cb0b45817,smooth_no_interface,9b8d0afa66c626630d5d,zero,0.19445572526741273,1.0,0.0,0.0,0.0,12,12,1,1,0.004112375027034432
calibration,1277,c4cf361ae43294f9cb375ade50ea866adb04e2f825bfefa2fb76e06cb0b45817,smooth_no_interface,9b8d0afa66c626630d5d,global_component_mean,0.19445572526741273,1.000043393940919,-4.339394091901205e-05,0.008788027958364171,-0.0005439405473501858,12,12,1,1,0.004112375027034432
calibration,1277,c4cf361ae43294f9cb375ade50ea866adb04e2f825bfefa2fb76e06cb0b45817,smooth_no_interface,9b8d0afa66c626630d5d,nominal_slot_component_mean,0.19445572526741273,0.9999763472452546,2.3652754745362436e-05,0.016745177952470672,0.009785083670890926,12,12,1,1,0.004112375027034432
calibration,1277,c4cf361ae43294f9cb375ade50ea866adb04e2f825bfefa2fb76e06cb0b45817,smooth_no_interface,9b8d0afa66c626630d5d,local_detector_component_mean,0.19445572526741273,0.795261205452325,0.20473879454767496,0.3998886426644088,0.6595217835145635,12,12,1,1,0.004112375027034432
calibration,1277,c4cf361ae43294f9cb375ade50ea866adb04e2f825bfefa2fb76e06cb0b45817,smooth_no_interface,9b8d0afa66c626630d5d,component_damping,0.19445572526741273,0.5457883087001777,0.4542116912998223,0.8040109647860876,0.8386382852012753,12,12,1,1,0.004112375027034432
calibration,1277,c4cf361ae43294f9cb375ade50ea866adb04e2f825bfefa2fb76e06cb0b45817,smooth_no_interface,9b8d0afa66c626630d5d,ridge_geometry_only,0.19445572526741273,1.0068349253605464,-0.006834925360546418,0.13371080412066255,0.015563485090781289,12,12,1,1,0.004112375027034432
calibration,1277,c4cf361ae43294f9cb375ade50ea866adb04e2f825bfefa2fb76e06cb0b45817,smooth_no_interface,9b8d0afa66c626630d5d,ridge_geometry_observation,0.19445572526741273,0.5183406395347636,0.4816593604652364,0.7896809178622712,0.8578901318208146,12,12,1,1,0.004112375027034432
calibration,1277,c4cf361ae43294f9cb375ade50ea866adb04e2f825bfefa2fb76e06cb0b45817,smooth_no_interface,9b8d0afa66c626630d5d,ridge_geometry_signal,0.19445572526741273,0.5377655288386963,0.4622344711613037,0.7904971293161737,0.8448442745171018,12,12,1,1,0.004112375027034432
calibration,1277,c4cf361ae43294f9cb375ade50ea866adb04e2f825bfefa2fb76e06cb0b45817,smooth_no_interface,9b8d0afa66c626630d5d,ridge_curvature_visible,0.19445572526741273,0.33799700625539353,0.6620029937446065,0.9555699178074796,0.941256028500997,12,12,1,1,0.004112375027034432
calibration,1277,c4cf361ae43294f9cb375ade50ea866adb04e2f825bfefa2fb76e06cb0b45817,single_interface,0df2064d6e220a501cc4,zero,0.15984164993716313,1.0,0.0,0.0,0.0,12,12,1,1,0.003710541990585625
calibration,1277,c4cf361ae43294f9cb375ade50ea866adb04e2f825bfefa2fb76e06cb0b45817,single_interface,0df2064d6e220a501cc4,global_component_mean,0.15984164993716313,0.999506118679653,0.0004938813203470005,0.010691095537275798,0.05152971657025626,12,12,1,1,0.003710541990585625
calibration,1277,c4cf361ae43294f9cb375ade50ea866adb04e2f825bfefa2fb76e06cb0b45817,single_interface,0df2064d6e220a501cc4,nominal_slot_component_mean,0.15984164993716313,0.9992875789974506,0.0007124210025494238,0.020371384584428696,0.045144888499790564,12,12,1,1,0.003710541990585625
calibration,1277,c4cf361ae43294f9cb375ade50ea866adb04e2f825bfefa2fb76e06cb0b45817,single_interface,0df2064d6e220a501cc4,local_detector_component_mean,0.15984164993716313,0.8563315209284595,0.14366847907154046,0.4864854439758228,0.5173478669278755,12,12,1,1,0.003710541990585625
calibration,1277,c4cf361ae43294f9cb375ade50ea866adb04e2f825bfefa2fb76e06cb0b45817,single_interface,0df2064d6e220a501cc4,component_damping,0.15984164993716313,0.47770786092694734,0.5222921390730526,1.0086523232313271,0.8869134921717817,12,12,1,1,0.003710541990585625
calibration,1277,c4cf361ae43294f9cb375ade50ea866adb04e2f825bfefa2fb76e06cb0b45817,single_interface,0df2064d6e220a501cc4,ridge_geometry_only,0.15984164993716313,0.967493679759063,0.032506320240937026,0.16266618494987897,0.27791967759087455,12,12,1,1,0.003710541990585625
calibration,1277,c4cf361ae43294f9cb375ade50ea866adb04e2f825bfefa2fb76e06cb0b45817,single_interface,0df2064d6e220a501cc4,ridge_geometry_observation,0.15984164993716313,0.43465340934728786,0.5653465906527122,0.9543431572549675,0.9021111863445471,12,12,1,1,0.003710541990585625
calibration,1277,c4cf361ae43294f9cb375ade50ea866adb04e2f825bfefa2fb76e06cb0b45817,single_interface,0df2064d6e220a501cc4,ridge_geometry_signal,0.15984164993716313,0.40072054470941165,0.5992794552905883,1.0034404503195928,0.9199927020070467,12,12,1,1,0.003710541990585625
calibration,1277,c4cf361ae43294f9cb375ade50ea866adb04e2f825bfefa2fb76e06cb0b45817,single_interface,0df2064d6e220a501cc4,ridge_curvature_visible,0.15984164993716313,0.3226203817657797,0.6773796182342203,0.9997395126818891,0.947944518768774,12,12,1,1,0.003710541990585625
calibration,1289,704fc49a3f795cf1f66e57049cc9760fdc462df788998b91a2eba1496b8e47f9,smooth_no_interface,053736d143b5a7f2878b,zero,0.1547453012886565,1.0,0.0,0.0,0.0,12,12,1,1,0.0035737499711103737
calibration,1289,704fc49a3f795cf1f66e57049cc9760fdc462df788998b91a2eba1496b8e47f9,smooth_no_interface,053736d143b5a7f2878b,global_component_mean,0.1547453012886565,0.9997836089453866,0.00021639105461335184,0.011043193790590872,0.025114447131563702,12,12,1,1,0.0035737499711103737
calibration,1289,704fc49a3f795cf1f66e57049cc9760fdc462df788998b91a2eba1496b8e47f9,smooth_no_interface,053736d143b5a7f2878b,nominal_slot_component_mean,0.1547453012886565,1.0001544002465865,-0.00015440024658652796,0.02104229140635152,0.0031829635954113977,12,12,1,1,0.0035737499711103737
calibration,1289,704fc49a3f795cf1f66e57049cc9760fdc462df788998b91a2eba1496b8e47f9,smooth_no_interface,053736d143b5a7f2878b,local_detector_component_mean,0.1547453012886565,0.6136758097629129,0.3863241902370871,0.5025072515155525,0.8715451724286596,12,12,1,1,0.0035737499711103737
calibration,1289,704fc49a3f795cf1f66e57049cc9760fdc462df788998b91a2eba1496b8e47f9,smooth_no_interface,053736d143b5a7f2878b,component_damping,0.1547453012886565,0.5372626488070464,0.46273735119295356,1.0100335252938057,0.8571579680538789,12,12,1,1,0.0035737499711103737
calibration,1289,704fc49a3f795cf1f66e57049cc9760fdc462df788998b91a2eba1496b8e47f9,smooth_no_interface,053736d143b5a7f2878b,ridge_geometry_only,0.1547453012886565,0.9986140322690805,0.0013859677309194796,0.16112426646829153,0.08915802824116235,12,12,1,1,0.0035737499711103737
calibration,1289,704fc49a3f795cf1f66e57049cc9760fdc462df788998b91a2eba1496b8e47f9,smooth_no_interface,053736d143b5a7f2878b,ridge_geometry_observation,0.1547453012886565,0.4892237214661003,0.5107762785338996,0.9819723155193932,0.8782985790638169,12,12,1,1,0.0035737499711103737
calibration,1289,704fc49a3f795cf1f66e57049cc9760fdc462df788998b91a2eba1496b8e47f9,smooth_no_interface,053736d143b5a7f2878b,ridge_geometry_signal,0.1547453012886565,0.5162731798504994,0.48372682014950064,0.9867066864596784,0.8650250942335388,12,12,1,1,0.0035737499711103737
calibration,1289,704fc49a3f795cf1f66e57049cc9760fdc462df788998b91a2eba1496b8e47f9,smooth_no_interface,053736d143b5a7f2878b,ridge_curvature_visible,0.1547453012886565,0.3063744909356273,0.6936255090643727,1.0511812348751866,0.9565984404660964,12,12,1,1,0.0035737499711103737
calibration,1289,704fc49a3f795cf1f66e57049cc9760fdc462df788998b91a2eba1496b8e47f9,single_interface,a40d33fc9a6be98e818c,zero,0.2731271876342385,1.0,0.0,0.0,0.0,12,12,1,1,0.0039507499895989895
calibration,1289,704fc49a3f795cf1f66e57049cc9760fdc462df788998b91a2eba1496b8e47f9,single_interface,a40d33fc9a6be98e818c,global_component_mean,0.2731271876342385,1.000389628096758,-0.0003896280967579102,0.006256727369823305,-0.05915723368100615,12,12,1,1,0.0039507499895989895
calibration,1289,704fc49a3f795cf1f66e57049cc9760fdc462df788998b91a2eba1496b8e47f9,single_interface,a40d33fc9a6be98e818c,nominal_slot_component_mean,0.2731271876342385,1.000191673644419,-0.00019167364441896595,0.011921902582031295,-0.010118027084539018,12,12,1,1,0.0039507499895989895
calibration,1289,704fc49a3f795cf1f66e57049cc9760fdc462df788998b91a2eba1496b8e47f9,single_interface,a40d33fc9a6be98e818c,local_detector_component_mean,0.2731271876342385,0.9483291105692154,0.05167088943078457,0.28470485384136474,0.3191528865698421,12,12,1,1,0.0039507499895989895
calibration,1289,704fc49a3f795cf1f66e57049cc9760fdc462df788998b91a2eba1496b8e47f9,single_interface,a40d33fc9a6be98e818c,component_damping,0.2731271876342385,0.551777826265692,0.44822217373430795,0.5973671669340161,0.8808558796206194,12,12,1,1,0.0039507499895989895
calibration,1289,704fc49a3f795cf1f66e57049cc9760fdc462df788998b91a2eba1496b8e47f9,single_interface,a40d33fc9a6be98e818c,ridge_geometry_only,0.2731271876342385,0.9858431656118019,0.014156834388198147,0.09128795772956579,0.19962514744226598,12,12,1,1,0.0039507499895989895
calibration,1289,704fc49a3f795cf1f66e57049cc9760fdc462df788998b91a2eba1496b8e47f9,single_interface,a40d33fc9a6be98e818c,ridge_geometry_observation,0.2731271876342385,0.564965263301675,0.43503473669832504,0.567855714186452,0.8833884544369095,12,12,1,1,0.0039507499895989895
calibration,1289,704fc49a3f795cf1f66e57049cc9760fdc462df788998b91a2eba1496b8e47f9,single_interface,a40d33fc9a6be98e818c,ridge_geometry_signal,0.2731271876342385,0.5059314351958292,0.49406856480417083,0.6205276794338002,0.9097805152337611,12,12,1,1,0.0039507499895989895
calibration,1289,704fc49a3f795cf1f66e57049cc9760fdc462df788998b91a2eba1496b8e47f9,single_interface,a40d33fc9a6be98e818c,ridge_curvature_visible,0.2731271876342385,0.368171823272742,0.631828176727258,0.7190912727822005,0.960616419244177,12,12,1,1,0.0039507499895989895
calibration,1301,ba10c2c2309f44c6b9acba2bf7b8f555f06419dfbb06395dffd5b3df5549c86a,smooth_no_interface,e3e22e519a90f76c2d83,zero,0.1661276496661959,1.0,0.0,0.0,0.0,12,12,1,1,0.004070208000484854
calibration,1301,ba10c2c2309f44c6b9acba2bf7b8f555f06419dfbb06395dffd5b3df5549c86a,smooth_no_interface,e3e22e519a90f76c2d83,global_component_mean,0.1661276496661959,0.9999972872598069,2.7127401931448247e-06,0.010286561892302107,0.005406997486414486,12,12,1,1,0.004070208000484854
calibration,1301,ba10c2c2309f44c6b9acba2bf7b8f555f06419dfbb06395dffd5b3df5549c86a,smooth_no_interface,e3e22e519a90f76c2d83,nominal_slot_component_mean,0.1661276496661959,1.0002174040366012,-0.00021740403660119867,0.019600564565996827,-0.0012926466031390716,12,12,1,1,0.004070208000484854
calibration,1301,ba10c2c2309f44c6b9acba2bf7b8f555f06419dfbb06395dffd5b3df5549c86a,smooth_no_interface,e3e22e519a90f76c2d83,local_detector_component_mean,0.1661276496661959,0.8008322737479945,0.19916772625200552,0.46807762700402433,0.617167218526734,12,12,1,1,0.004070208000484854
calibration,1301,ba10c2c2309f44c6b9acba2bf7b8f555f06419dfbb06395dffd5b3df5549c86a,smooth_no_interface,e3e22e519a90f76c2d83,component_damping,0.1661276496661959,0.5441660939136254,0.45583390608637464,0.9364205663688804,0.8440474270460954,12,12,1,1,0.004070208000484854
calibration,1301,ba10c2c2309f44c6b9acba2bf7b8f555f06419dfbb06395dffd5b3df5549c86a,smooth_no_interface,e3e22e519a90f76c2d83,ridge_geometry_only,0.1661276496661959,1.007508882941218,-0.007508882941217987,0.15396604183814977,0.028030183574242265,12,12,1,1,0.004070208000484854
calibration,1301,ba10c2c2309f44c6b9acba2bf7b8f555f06419dfbb06395dffd5b3df5549c86a,smooth_no_interface,e3e22e519a90f76c2d83,ridge_geometry_observation,0.1661276496661959,0.5080319914886726,0.4919680085113274,0.9263986255811305,0.8636227779909029,12,12,1,1,0.004070208000484854
calibration,1301,ba10c2c2309f44c6b9acba2bf7b8f555f06419dfbb06395dffd5b3df5549c86a,smooth_no_interface,e3e22e519a90f76c2d83,ridge_geometry_signal,0.1661276496661959,0.5052935232202462,0.49470647677975377,0.9539110348456181,0.867284609020009,12,12,1,1,0.004070208000484854
calibration,1301,ba10c2c2309f44c6b9acba2bf7b8f555f06419dfbb06395dffd5b3df5549c86a,smooth_no_interface,e3e22e519a90f76c2d83,ridge_curvature_visible,0.1661276496661959,0.3025381923508844,0.6974618076491156,1.0171823456757747,0.9551535055558762,12,12,1,1,0.004070208000484854
calibration,1301,ba10c2c2309f44c6b9acba2bf7b8f555f06419dfbb06395dffd5b3df5549c86a,single_interface,e1d39800258fd30cfa71,zero,0.18124782762238498,1.0,0.0,0.0,0.0,12,12,1,1,0.00359466701047495
calibration,1301,ba10c2c2309f44c6b9acba2bf7b8f555f06419dfbb06395dffd5b3df5549c86a,single_interface,e1d39800258fd30cfa71,global_component_mean,0.18124782762238498,0.9997019829815708,0.0002980170184292419,0.009428429420264952,0.03631784645787293,12,12,1,1,0.00359466701047495
calibration,1301,ba10c2c2309f44c6b9acba2bf7b8f555f06419dfbb06395dffd5b3df5549c86a,single_interface,e1d39800258fd30cfa71,nominal_slot_component_mean,0.18124782762238498,0.9995265577565622,0.00047344224343781605,0.017965433109982377,0.035329432871875864,12,12,1,1,0.00359466701047495
calibration,1301,ba10c2c2309f44c6b9acba2bf7b8f555f06419dfbb06395dffd5b3df5549c86a,single_interface,e1d39800258fd30cfa71,local_detector_component_mean,0.18124782762238498,1.048218359771478,-0.04821835977147804,0.42902934096135364,0.09941563140247935,12,12,1,1,0.00359466701047495
calibration,1301,ba10c2c2309f44c6b9acba2bf7b8f555f06419dfbb06395dffd5b3df5549c86a,single_interface,e1d39800258fd30cfa71,component_damping,0.18124782762238498,0.6061480349859882,0.39385196501401176,0.8856070873128753,0.7999509562872604,12,12,1,1,0.00359466701047495
calibration,1301,ba10c2c2309f44c6b9acba2bf7b8f555f06419dfbb06395dffd5b3df5549c86a,single_interface,e1d39800258fd30cfa71,ridge_geometry_only,0.18124782762238498,0.9862778216225125,0.01372217837748746,0.1411217833312116,0.16713017364378654,12,12,1,1,0.00359466701047495
calibration,1301,ba10c2c2309f44c6b9acba2bf7b8f555f06419dfbb06395dffd5b3df5549c86a,single_interface,e1d39800258fd30cfa71,ridge_geometry_observation,0.18124782762238498,0.6214468107173002,0.37855318928269976,0.8842831063001284,0.7892045339286257,12,12,1,1,0.00359466701047495
calibration,1301,ba10c2c2309f44c6b9acba2bf7b8f555f06419dfbb06395dffd5b3df5549c86a,single_interface,e1d39800258fd30cfa71,ridge_geometry_signal,0.18124782762238498,0.5958239227661427,0.4041760772338573,0.9311399854749018,0.8119163333097572,12,12,1,1,0.00359466701047495
calibration,1301,ba10c2c2309f44c6b9acba2bf7b8f555f06419dfbb06395dffd5b3df5549c86a,single_interface,e1d39800258fd30cfa71,ridge_curvature_visible,0.18124782762238498,0.3947354828008595,0.6052645171991404,0.9342943324178091,0.918923372767578,12,12,1,1,0.00359466701047495
calibration,1319,9994b0e22742af206c9563c06670da48fe937f730a4a7f74e8007eeb8da65384,smooth_no_interface,7b87be214410317a6167,zero,0.18339475013325057,1.0,0.0,0.0,0.0,12,12,1,1,0.003652249986771494
calibration,1319,9994b0e22742af206c9563c06670da48fe937f730a4a7f74e8007eeb8da65384,smooth_no_interface,7b87be214410317a6167,global_component_mean,0.18339475013325057,1.0000317212591918,-3.172125919181923e-05,0.009318054901093784,0.001254694395228957,12,12,1,1,0.003652249986771494
calibration,1319,9994b0e22742af206c9563c06670da48fe937f730a4a7f74e8007eeb8da65384,smooth_no_interface,7b87be214410317a6167,nominal_slot_component_mean,0.18339475013325057,0.999909988486759,9.001151324095069e-05,0.017755119604643505,0.01394694058987329,12,12,1,1,0.003652249986771494
calibration,1319,9994b0e22742af206c9563c06670da48fe937f730a4a7f74e8007eeb8da65384,smooth_no_interface,7b87be214410317a6167,local_detector_component_mean,0.18339475013325057,0.6878135108421713,0.31218648915782865,0.4240068812166636,0.8333525243673267,12,12,1,1,0.003652249986771494
calibration,1319,9994b0e22742af206c9563c06670da48fe937f730a4a7f74e8007eeb8da65384,smooth_no_interface,7b87be214410317a6167,component_damping,0.18339475013325057,0.5074929995033908,0.4925070004966092,0.8430165683948024,0.8618619399201829,12,12,1,1,0.003652249986771494
calibration,1319,9994b0e22742af206c9563c06670da48fe937f730a4a7f74e8007eeb8da65384,smooth_no_interface,7b87be214410317a6167,ridge_geometry_only,0.18339475013325057,1.002947682305148,-0.0029476823051479695,0.13539473701925372,0.04589425573269366,12,12,1,1,0.003652249986771494
calibration,1319,9994b0e22742af206c9563c06670da48fe937f730a4a7f74e8007eeb8da65384,smooth_no_interface,7b87be214410317a6167,ridge_geometry_observation,0.18339475013325057,0.4635115372483006,0.5364884627516995,0.8374316426272469,0.8875045646995727,12,12,1,1,0.003652249986771494
calibration,1319,9994b0e22742af206c9563c06670da48fe937f730a4a7f74e8007eeb8da65384,smooth_no_interface,7b87be214410317a6167,ridge_geometry_signal,0.18339475013325057,0.47359256357793217,0.5264074364220679,0.8553752399055348,0.8811202466730296,12,12,1,1,0.003652249986771494
calibration,1319,9994b0e22742af206c9563c06670da48fe937f730a4a7f74e8007eeb8da65384,smooth_no_interface,7b87be214410317a6167,ridge_curvature_visible,0.18339475013325057,0.31877142687725524,0.6812285731227448,1.0360120011951715,0.9515843647334439,12,12,1,1,0.003652249986771494
calibration,1319,9994b0e22742af206c9563c06670da48fe937f730a4a7f74e8007eeb8da65384,single_interface,8fde45e2cd31f25d2999,zero,0.1791040454612455,1.0,0.0,0.0,0.0,12,12,1,1,0.003952750004827976
calibration,1319,9994b0e22742af206c9563c06670da48fe937f730a4a7f74e8007eeb8da65384,single_interface,8fde45e2cd31f25d2999,global_component_mean,0.1791040454612455,0.9987096675697987,0.0012903324302012686,0.009541282810855173,0.13992017809500382,12,12,1,1,0.003952750004827976
calibration,1319,9994b0e22742af206c9563c06670da48fe937f730a4a7f74e8007eeb8da65384,single_interface,8fde45e2cd31f25d2999,nominal_slot_component_mean,0.1791040454612455,1.0017216738606254,-0.0017216738606253834,0.018180469989351238,-0.08569036980133331,12,12,1,1,0.003952750004827976
calibration,1319,9994b0e22742af206c9563c06670da48fe937f730a4a7f74e8007eeb8da65384,single_interface,8fde45e2cd31f25d2999,local_detector_component_mean,0.1791040454612455,0.909939218229101,0.09006078177089905,0.4341645987685671,0.4151760864140082,12,12,1,1,0.003952750004827976
calibration,1319,9994b0e22742af206c9563c06670da48fe937f730a4a7f74e8007eeb8da65384,single_interface,8fde45e2cd31f25d2999,component_damping,0.1791040454612455,0.8333486021741258,0.16665139782587424,0.899473781201455,0.6195751413868286,12,12,1,1,0.003952750004827976
calibration,1319,9994b0e22742af206c9563c06670da48fe937f730a4a7f74e8007eeb8da65384,single_interface,8fde45e2cd31f25d2999,ridge_geometry_only,0.1791040454612455,0.9758746291191174,0.024125370880882624,0.13863831998354312,0.24123666536576846,12,12,1,1,0.003952750004827976
calibration,1319,9994b0e22742af206c9563c06670da48fe937f730a4a7f74e8007eeb8da65384,single_interface,8fde45e2cd31f25d2999,ridge_geometry_observation,0.1791040454612455,0.8031195654366821,0.19688043456331794,0.8516680174647222,0.6342479425264056,12,12,1,1,0.003952750004827976
calibration,1319,9994b0e22742af206c9563c06670da48fe937f730a4a7f74e8007eeb8da65384,single_interface,8fde45e2cd31f25d2999,ridge_geometry_signal,0.1791040454612455,0.7646276150137649,0.23537238498623514,0.885453271434191,0.6772644841603103,12,12,1,1,0.003952750004827976
calibration,1319,9994b0e22742af206c9563c06670da48fe937f730a4a7f74e8007eeb8da65384,single_interface,8fde45e2cd31f25d2999,ridge_curvature_visible,0.1791040454612455,0.7039301957530901,0.2960698042469099,0.8051438957056836,0.7158589777848351,12,12,1,1,0.003952750004827976
development,2101,d7d9a77030834a1d7c68fd7cb90ccb77b27a0a5150e300a36906409316802f1c,smooth_no_interface,4c9d66cf34fdb094dadd,zero,0.16949712462370223,1.0,0.0,0.0,0.0,12,12,1,1,0.003955750027671456
development,2101,d7d9a77030834a1d7c68fd7cb90ccb77b27a0a5150e300a36906409316802f1c,smooth_no_interface,4c9d66cf34fdb094dadd,global_component_mean,0.16949712462370223,1.0000010639349306,-1.0639349306007517e-06,0.010082072802756192,0.004935508945130023,12,12,1,1,0.003955750027671456
development,2101,d7d9a77030834a1d7c68fd7cb90ccb77b27a0a5150e300a36906409316802f1c,smooth_no_interface,4c9d66cf34fdb094dadd,nominal_slot_component_mean,0.16949712462370223,1.0000542375342638,-5.423753426381239e-05,0.01921092013040693,0.00678211767708178,12,12,1,1,0.003955750027671456
development,2101,d7d9a77030834a1d7c68fd7cb90ccb77b27a0a5150e300a36906409316802f1c,smooth_no_interface,4c9d66cf34fdb094dadd,local_detector_component_mean,0.16949712462370223,0.7222809988965034,0.27771900110349657,0.45877259692837835,0.750679594789537,12,12,1,1,0.003955750027671456
development,2101,d7d9a77030834a1d7c68fd7cb90ccb77b27a0a5150e300a36906409316802f1c,smooth_no_interface,4c9d66cf34fdb094dadd,component_damping,0.16949712462370223,0.5333479677655957,0.4666520322344043,0.9223143474018832,0.8490617678861845,12,12,1,1,0.003955750027671456
development,2101,d7d9a77030834a1d7c68fd7cb90ccb77b27a0a5150e300a36906409316802f1c,smooth_no_interface,4c9d66cf34fdb094dadd,ridge_geometry_only,0.16949712462370223,1.0546673318076625,-0.05466733180766248,0.37169296007542657,0.0347497512222146,12,12,1,1,0.003955750027671456
development,2101,d7d9a77030834a1d7c68fd7cb90ccb77b27a0a5150e300a36906409316802f1c,smooth_no_interface,4c9d66cf34fdb094dadd,ridge_geometry_observation,0.16949712462370223,0.7000059497870961,0.29999405021290393,1.0357109515281508,0.7640591436456368,12,12,1,1,0.003955750027671456
development,2101,d7d9a77030834a1d7c68fd7cb90ccb77b27a0a5150e300a36906409316802f1c,smooth_no_interface,4c9d66cf34fdb094dadd,ridge_geometry_signal,0.16949712462370223,1.1480294569863985,-0.14802945698639847,1.373751905847568,0.5711448544790815,12,12,1,1,0.003955750027671456
development,2101,d7d9a77030834a1d7c68fd7cb90ccb77b27a0a5150e300a36906409316802f1c,smooth_no_interface,4c9d66cf34fdb094dadd,ridge_curvature_visible,0.16949712462370223,0.49762787585010093,0.5023721241498991,1.103270797489328,0.8926063094626168,12,12,1,1,0.003955750027671456
development,2101,d7d9a77030834a1d7c68fd7cb90ccb77b27a0a5150e300a36906409316802f1c,single_interface,6640f706ad4875d3022d,zero,0.24367052988413157,1.0,0.0,0.0,0.0,12,12,1,1,0.0036221250193193555
development,2101,d7d9a77030834a1d7c68fd7cb90ccb77b27a0a5150e300a36906409316802f1c,single_interface,6640f706ad4875d3022d,global_component_mean,0.24367052988413157,1.0000990061433754,-9.900614337543523e-05,0.007013085871018544,-0.010611499578822818,12,12,1,1,0.0036221250193193555
development,2101,d7d9a77030834a1d7c68fd7cb90ccb77b27a0a5150e300a36906409316802f1c,single_interface,6640f706ad4875d3022d,nominal_slot_component_mean,0.24367052988413157,0.99991050884479,8.94911552099531e-05,0.013363108476958357,0.013378136177541623,12,12,1,1,0.0036221250193193555
development,2101,d7d9a77030834a1d7c68fd7cb90ccb77b27a0a5150e300a36906409316802f1c,single_interface,6640f706ad4875d3022d,local_detector_component_mean,0.24367052988413157,0.9265461095969058,0.07345389040309425,0.31912203774697345,0.38128231989977496,12,12,1,1,0.0036221250193193555
development,2101,d7d9a77030834a1d7c68fd7cb90ccb77b27a0a5150e300a36906409316802f1c,single_interface,6640f706ad4875d3022d,component_damping,0.24367052988413157,0.5643458376088897,0.4356541623911103,0.6612101718161025,0.8459584520712271,12,12,1,1,0.0036221250193193555
development,2101,d7d9a77030834a1d7c68fd7cb90ccb77b27a0a5150e300a36906409316802f1c,single_interface,6640f706ad4875d3022d,ridge_geometry_only,0.24367052988413157,1.0081945124094294,-0.008194512409429366,0.25854947664625294,0.09745070397204955,12,12,1,1,0.0036221250193193555
development,2101,d7d9a77030834a1d7c68fd7cb90ccb77b27a0a5150e300a36906409316802f1c,single_interface,6640f706ad4875d3022d,ridge_geometry_observation,0.24367052988413157,0.6746436540653206,0.32535634593467944,0.7449176127205713,0.7381743772671685,12,12,1,1,0.0036221250193193555
development,2101,d7d9a77030834a1d7c68fd7cb90ccb77b27a0a5150e300a36906409316802f1c,single_interface,6640f706ad4875d3022d,ridge_geometry_signal,0.24367052988413157,0.8922373348702426,0.1077626651297574,0.9838230058216274,0.5955442381980673,12,12,1,1,0.0036221250193193555
development,2101,d7d9a77030834a1d7c68fd7cb90ccb77b27a0a5150e300a36906409316802f1c,single_interface,6640f706ad4875d3022d,ridge_curvature_visible,0.24367052988413157,0.5032025600749466,0.49679743992505343,0.8099183141654707,0.8659853929837593,12,12,1,1,0.0036221250193193555
development,2113,ec64a4d4fb310d8d58a2748557517a78052d01dfa8f37cb26753c6c3fa6fe83a,smooth_no_interface,317fb817e8498cce9453,zero,0.17967271463519086,1.0,0.0,0.0,0.0,12,12,1,1,0.003774917044211179
development,2113,ec64a4d4fb310d8d58a2748557517a78052d01dfa8f37cb26753c6c3fa6fe83a,smooth_no_interface,317fb817e8498cce9453,global_component_mean,0.17967271463519086,1.0000361858300528,-3.618583005282616e-05,0.00951108438353445,0.00095087772861018,12,12,1,1,0.003774917044211179
development,2113,ec64a4d4fb310d8d58a2748557517a78052d01dfa8f37cb26753c6c3fa6fe83a,smooth_no_interface,317fb817e8498cce9453,nominal_slot_component_mean,0.17967271463519086,0.9998898137036801,0.00011018629631986965,0.018122928292651358,0.015141068061914276,12,12,1,1,0.003774917044211179
development,2113,ec64a4d4fb310d8d58a2748557517a78052d01dfa8f37cb26753c6c3fa6fe83a,smooth_no_interface,317fb817e8498cce9453,local_detector_component_mean,0.17967271463519086,0.7685668395958578,0.2314331604041422,0.43279045565374125,0.6892626486845802,12,12,1,1,0.003774917044211179
development,2113,ec64a4d4fb310d8d58a2748557517a78052d01dfa8f37cb26753c6c3fa6fe83a,smooth_no_interface,317fb817e8498cce9453,component_damping,0.17967271463519086,0.5203990850074403,0.47960091499255975,0.8672445060146357,0.854025488349989,12,12,1,1,0.003774917044211179
development,2113,ec64a4d4fb310d8d58a2748557517a78052d01dfa8f37cb26753c6c3fa6fe83a,smooth_no_interface,317fb817e8498cce9453,ridge_geometry_only,0.17967271463519086,1.0275104055802566,-0.027510405580256636,0.26596768147530814,0.028125924794055093,12,12,1,1,0.003774917044211179
development,2113,ec64a4d4fb310d8d58a2748557517a78052d01dfa8f37cb26753c6c3fa6fe83a,smooth_no_interface,317fb817e8498cce9453,ridge_geometry_observation,0.17967271463519086,0.6033316289981251,0.3966683710018749,0.931252853426182,0.8070970289832414,12,12,1,1,0.003774917044211179
development,2113,ec64a4d4fb310d8d58a2748557517a78052d01dfa8f37cb26753c6c3fa6fe83a,smooth_no_interface,317fb817e8498cce9453,ridge_geometry_signal,0.17967271463519086,0.9349917329044936,0.06500826709550644,1.1878770460041816,0.6468861154416411,12,12,1,1,0.003774917044211179
development,2113,ec64a4d4fb310d8d58a2748557517a78052d01dfa8f37cb26753c6c3fa6fe83a,smooth_no_interface,317fb817e8498cce9453,ridge_curvature_visible,0.17967271463519086,0.3849366857841774,0.6150633142158226,1.067383688153933,0.9327159988355724,12,12,1,1,0.003774917044211179
development,2113,ec64a4d4fb310d8d58a2748557517a78052d01dfa8f37cb26753c6c3fa6fe83a,single_interface,a19120623d9d018341fe,zero,0.4386631382428906,1.0,0.0,0.0,0.0,12,12,1,1,0.004239666974171996
development,2113,ec64a4d4fb310d8d58a2748557517a78052d01dfa8f37cb26753c6c3fa6fe83a,single_interface,a19120623d9d018341fe,global_component_mean,0.4386631382428906,1.0003844923375018,-0.0003844923375018183,0.0038956597929771476,-0.0967687611604819,12,12,1,1,0.004239666974171996
development,2113,ec64a4d4fb310d8d58a2748557517a78052d01dfa8f37cb26753c6c3fa6fe83a,single_interface,a19120623d9d018341fe,nominal_slot_component_mean,0.4386631382428906,0.9999796739035509,2.0326096449085895e-05,0.007422998286390311,0.006449730931742604,12,12,1,1,0.004239666974171996
development,2113,ec64a4d4fb310d8d58a2748557517a78052d01dfa8f37cb26753c6c3fa6fe83a,single_interface,a19120623d9d018341fe,local_detector_component_mean,0.4386631382428906,0.9643733495996084,0.03562665040039159,0.17726731347198882,0.28603057445114427,12,12,1,1,0.004239666974171996
development,2113,ec64a4d4fb310d8d58a2748557517a78052d01dfa8f37cb26753c6c3fa6fe83a,single_interface,a19120623d9d018341fe,component_damping,0.4386631382428906,0.6631599088491927,0.33684009115080726,0.3737197751680221,0.9363772700174928,12,12,1,1,0.004239666974171996
development,2113,ec64a4d4fb310d8d58a2748557517a78052d01dfa8f37cb26753c6c3fa6fe83a,single_interface,a19120623d9d018341fe,ridge_geometry_only,0.4386631382428906,0.9944337759125453,0.005566224087454663,0.10893811485348998,0.10542213908805345,12,12,1,1,0.004239666974171996
development,2113,ec64a4d4fb310d8d58a2748557517a78052d01dfa8f37cb26753c6c3fa6fe83a,single_interface,a19120623d9d018341fe,ridge_geometry_observation,0.4386631382428906,0.6831895665871522,0.31681043341284776,0.4033030339552106,0.8627573991685145,12,12,1,1,0.004239666974171996
development,2113,ec64a4d4fb310d8d58a2748557517a78052d01dfa8f37cb26753c6c3fa6fe83a,single_interface,a19120623d9d018341fe,ridge_geometry_signal,0.4386631382428906,0.7304555082388123,0.26954449176118767,0.5136667505696839,0.7108580420228363,12,12,1,1,0.004239666974171996
development,2113,ec64a4d4fb310d8d58a2748557517a78052d01dfa8f37cb26753c6c3fa6fe83a,single_interface,a19120623d9d018341fe,ridge_curvature_visible,0.4386631382428906,0.536974904078383,0.463025095921617,0.5325694928014636,0.9344209821495097,12,12,1,1,0.004239666974171996
development,2129,36bb2dcd6e5ff7a557ec387d9309886e32773f9207abe2c4e7d3cbdf6196b6f2,smooth_no_interface,2fbb12616f11afd7c91c,zero,0.16076725015324592,1.0,0.0,0.0,0.0,12,12,1,1,0.0036094579845666885
development,2129,36bb2dcd6e5ff7a557ec387d9309886e32773f9207abe2c4e7d3cbdf6196b6f2,smooth_no_interface,2fbb12616f11afd7c91c,global_component_mean,0.16076725015324592,1.0002724364899378,-0.00027243648993779956,0.010629542700301652,-0.02031884323146359,12,12,1,1,0.0036094579845666885
development,2129,36bb2dcd6e5ff7a557ec387d9309886e32773f9207abe2c4e7d3cbdf6196b6f2,smooth_no_interface,2fbb12616f11afd7c91c,nominal_slot_component_mean,0.16076725015324592,1.0005029165362758,-0.0005029165362757659,0.02025409852053646,-0.014709553479025724,12,12,1,1,0.0036094579845666885
development,2129,36bb2dcd6e5ff7a557ec387d9309886e32773f9207abe2c4e7d3cbdf6196b6f2,smooth_no_interface,2fbb12616f11afd7c91c,local_detector_component_mean,0.16076725015324592,0.8458633092313779,0.15413669076862213,0.48368455616045036,0.5359546892296121,12,12,1,1,0.0036094579845666885
development,2129,36bb2dcd6e5ff7a557ec387d9309886e32773f9207abe2c4e7d3cbdf6196b6f2,smooth_no_interface,2fbb12616f11afd7c91c,component_damping,0.16076725015324592,0.5288279013962663,0.47117209860373366,0.9780876379365753,0.8572833420771215,12,12,1,1,0.0036094579845666885
development,2129,36bb2dcd6e5ff7a557ec387d9309886e32773f9207abe2c4e7d3cbdf6196b6f2,smooth_no_interface,2fbb12616f11afd7c91c,ridge_geometry_only,0.16076725015324592,1.068699996018873,-0.068699996018873,0.38014509972548327,0.0031443458777769863,12,12,1,1,0.0036094579845666885
development,2129,36bb2dcd6e5ff7a557ec387d9309886e32773f9207abe2c4e7d3cbdf6196b6f2,smooth_no_interface,2fbb12616f11afd7c91c,ridge_geometry_observation,0.16076725015324592,0.7085934033600314,0.2914065966399686,1.0907879477868523,0.7736213712188407,12,12,1,1,0.0036094579845666885
development,2129,36bb2dcd6e5ff7a557ec387d9309886e32773f9207abe2c4e7d3cbdf6196b6f2,smooth_no_interface,2fbb12616f11afd7c91c,ridge_geometry_signal,0.16076725015324592,1.176081275970673,-0.1760812759706729,1.4432637558415402,0.5888885847638692,12,12,1,1,0.0036094579845666885
development,2129,36bb2dcd6e5ff7a557ec387d9309886e32773f9207abe2c4e7d3cbdf6196b6f2,smooth_no_interface,2fbb12616f11afd7c91c,ridge_curvature_visible,0.16076725015324592,0.4787119178817931,0.5212880821182069,1.1185658695405292,0.9038468628626573,12,12,1,1,0.0036094579845666885
development,2129,36bb2dcd6e5ff7a557ec387d9309886e32773f9207abe2c4e7d3cbdf6196b6f2,single_interface,244e6ac3deb3e11e693a,zero,0.2765528341063828,1.0,0.0,0.0,0.0,12,12,1,1,0.0036730419960804284
development,2129,36bb2dcd6e5ff7a557ec387d9309886e32773f9207abe2c4e7d3cbdf6196b6f2,single_interface,244e6ac3deb3e11e693a,global_component_mean,0.2765528341063828,1.0001665136795803,-0.0001665136795803157,0.006179225592953577,-0.02385996858358057,12,12,1,1,0.0036730419960804284
development,2129,36bb2dcd6e5ff7a557ec387d9309886e32773f9207abe2c4e7d3cbdf6196b6f2,single_interface,244e6ac3deb3e11e693a,nominal_slot_component_mean,0.2765528341063828,0.9999601103033093,3.988969669066478e-05,0.011774226556025814,0.009274928257337991,12,12,1,1,0.0036730419960804284
development,2129,36bb2dcd6e5ff7a557ec387d9309886e32773f9207abe2c4e7d3cbdf6196b6f2,single_interface,244e6ac3deb3e11e693a,local_detector_component_mean,0.2765528341063828,0.9733465996057256,0.02665340039427444,0.28117822869823256,0.23411768745286676,12,12,1,1,0.0036730419960804284
development,2129,36bb2dcd6e5ff7a557ec387d9309886e32773f9207abe2c4e7d3cbdf6196b6f2,single_interface,244e6ac3deb3e11e693a,component_damping,0.2765528341063828,0.6472452309547564,0.3527547690452436,0.5831317012577545,0.7898011632975324,12,12,1,1,0.0036730419960804284
development,2129,36bb2dcd6e5ff7a557ec387d9309886e32773f9207abe2c4e7d3cbdf6196b6f2,single_interface,244e6ac3deb3e11e693a,ridge_geometry_only,0.2765528341063828,1.0071410096734805,-0.007141009673480525,0.22098808909182274,0.07806466469783804,12,12,1,1,0.0036730419960804284
development,2129,36bb2dcd6e5ff7a557ec387d9309886e32773f9207abe2c4e7d3cbdf6196b6f2,single_interface,244e6ac3deb3e11e693a,ridge_geometry_observation,0.2765528341063828,0.7310888561850041,0.2689111438149959,0.6716365153378239,0.6823666314778892,12,12,1,1,0.0036730419960804284
development,2129,36bb2dcd6e5ff7a557ec387d9309886e32773f9207abe2c4e7d3cbdf6196b6f2,single_interface,244e6ac3deb3e11e693a,ridge_geometry_signal,0.2765528341063828,0.862807664390098,0.13719233560990196,0.8542023416206374,0.5766927381811341,12,12,1,1,0.0036730419960804284
development,2129,36bb2dcd6e5ff7a557ec387d9309886e32773f9207abe2c4e7d3cbdf6196b6f2,single_interface,244e6ac3deb3e11e693a,ridge_curvature_visible,0.2765528341063828,0.5512545807180055,0.4487454192819945,0.728114018848346,0.8420854288868712,12,12,1,1,0.0036730419960804284
development,2141,3af6026bc2086d33e33cf414dca8611f9aad194cc0990f290583fbede29d2dd6,smooth_no_interface,9f619eafbf24c823c56e,zero,0.19941695185059435,1.0,0.0,0.0,0.0,12,12,1,1,0.004059291968587786
development,2141,3af6026bc2086d33e33cf414dca8611f9aad194cc0990f290583fbede29d2dd6,smooth_no_interface,9f619eafbf24c823c56e,global_component_mean,0.19941695185059435,1.0001569091316698,-0.00015690913166976905,0.00856939359696121,-0.014027152241006539,12,12,1,1,0.004059291968587786
development,2141,3af6026bc2086d33e33cf414dca8611f9aad194cc0990f290583fbede29d2dd6,smooth_no_interface,9f619eafbf24c823c56e,nominal_slot_component_mean,0.19941695185059435,1.000368279216317,-0.00036827921631710225,0.016328580360205062,-0.014394133331427233,12,12,1,1,0.004059291968587786
development,2141,3af6026bc2086d33e33cf414dca8611f9aad194cc0990f290583fbede29d2dd6,smooth_no_interface,9f619eafbf24c823c56e,local_detector_component_mean,0.19941695185059435,0.9073572815519967,0.09264271844800331,0.38993994900578005,0.421546866746305,12,12,1,1,0.004059291968587786
development,2141,3af6026bc2086d33e33cf414dca8611f9aad194cc0990f290583fbede29d2dd6,smooth_no_interface,9f619eafbf24c823c56e,component_damping,0.19941695185059435,0.5535345203024133,0.44646547969758665,0.7904766640020294,0.8339606665238444,12,12,1,1,0.004059291968587786
development,2141,3af6026bc2086d33e33cf414dca8611f9aad194cc0990f290583fbede29d2dd6,smooth_no_interface,9f619eafbf24c823c56e,ridge_geometry_only,0.19941695185059435,1.0478970482862322,-0.0478970482862322,0.32291200435650425,0.009575269217477048,12,12,1,1,0.004059291968587786
development,2141,3af6026bc2086d33e33cf414dca8611f9aad194cc0990f290583fbede29d2dd6,smooth_no_interface,9f619eafbf24c823c56e,ridge_geometry_observation,0.19941695185059435,0.6937995087728215,0.3062004912271785,0.8981133827963871,0.7377965384828316,12,12,1,1,0.004059291968587786
development,2141,3af6026bc2086d33e33cf414dca8611f9aad194cc0990f290583fbede29d2dd6,smooth_no_interface,9f619eafbf24c823c56e,ridge_geometry_signal,0.19941695185059435,1.0637677390276725,-0.06376773902767252,1.212354745891834,0.5519020863427219,12,12,1,1,0.004059291968587786
development,2141,3af6026bc2086d33e33cf414dca8611f9aad194cc0990f290583fbede29d2dd6,smooth_no_interface,9f619eafbf24c823c56e,ridge_curvature_visible,0.19941695185059435,0.4774915180662169,0.5225084819337831,1.029062090445403,0.8896307876690871,12,12,1,1,0.004059291968587786
development,2141,3af6026bc2086d33e33cf414dca8611f9aad194cc0990f290583fbede29d2dd6,single_interface,5b5cfa89f87acb09b4ba,zero,0.21903179830632902,1.0,0.0,0.0,0.0,12,12,1,1,0.004178959003183991
development,2141,3af6026bc2086d33e33cf414dca8611f9aad194cc0990f290583fbede29d2dd6,single_interface,5b5cfa89f87acb09b4ba,global_component_mean,0.21903179830632902,0.9979908031187911,0.00200919688120893,0.007801982924525102,0.2611661591218242,12,12,1,1,0.004178959003183991
development,2141,3af6026bc2086d33e33cf414dca8611f9aad194cc0990f290583fbede29d2dd6,single_interface,5b5cfa89f87acb09b4ba,nominal_slot_component_mean,0.21903179830632902,0.9997415458697483,0.0002584541302517174,0.014866315067758288,0.024816129023789105,12,12,1,1,0.004178959003183991
development,2141,3af6026bc2086d33e33cf414dca8611f9aad194cc0990f290583fbede29d2dd6,single_interface,5b5cfa89f87acb09b4ba,local_detector_component_mean,0.21903179830632902,0.995982438155497,0.00401756184450297,0.3550198493405783,0.18880363529059044,12,12,1,1,0.004178959003183991
development,2141,3af6026bc2086d33e33cf414dca8611f9aad194cc0990f290583fbede29d2dd6,single_interface,5b5cfa89f87acb09b4ba,component_damping,0.21903179830632902,0.9946569506088603,0.00534304939113972,0.7300690883581721,0.37233354558554926,12,12,1,1,0.004178959003183991
development,2141,3af6026bc2086d33e33cf414dca8611f9aad194cc0990f290583fbede29d2dd6,single_interface,5b5cfa89f87acb09b4ba,ridge_geometry_only,0.21903179830632902,1.0626029176337701,-0.06260291763377013,0.2939944251139321,-0.07260722469343676,12,12,1,1,0.004178959003183991
development,2141,3af6026bc2086d33e33cf414dca8611f9aad194cc0990f290583fbede29d2dd6,single_interface,5b5cfa89f87acb09b4ba,ridge_geometry_observation,0.21903179830632902,1.1384373653382402,-0.13843736533824025,0.8305669954844509,0.2370681121034062,12,12,1,1,0.004178959003183991
development,2141,3af6026bc2086d33e33cf414dca8611f9aad194cc0990f290583fbede29d2dd6,single_interface,5b5cfa89f87acb09b4ba,ridge_geometry_signal,0.21903179830632902,1.1099855776323049,-0.10998557763230488,1.0648650309267607,0.423466601562653,12,12,1,1,0.004178959003183991
development,2141,3af6026bc2086d33e33cf414dca8611f9aad194cc0990f290583fbede29d2dd6,single_interface,5b5cfa89f87acb09b4ba,ridge_curvature_visible,0.21903179830632902,1.028367624815133,-0.028367624815132997,0.799773117024106,0.3639138741700109,12,12,1,1,0.004178959003183991
development,2153,60ee21e822fc2128ce363c269c73f8a60bcb26118efe11b0109dcc4e8646cd41,smooth_no_interface,c67e153f11105dcd0f2c,zero,0.17424475709506482,1.0,0.0,0.0,0.0,12,12,1,1,0.003618541988544166
development,2153,60ee21e822fc2128ce363c269c73f8a60bcb26118efe11b0109dcc4e8646cd41,smooth_no_interface,c67e153f11105dcd0f2c,global_component_mean,0.17424475709506482,0.9999369847420543,6.301525794571994e-05,0.009807367399764398,0.011328779234256674,12,12,1,1,0.003618541988544166
development,2153,60ee21e822fc2128ce363c269c73f8a60bcb26118efe11b0109dcc4e8646cd41,smooth_no_interface,c67e153f11105dcd0f2c,nominal_slot_component_mean,0.17424475709506482,0.999926628515213,7.337148478703259e-05,0.018687481780028832,0.013269833980732653,12,12,1,1,0.003618541988544166
development,2153,60ee21e822fc2128ce363c269c73f8a60bcb26118efe11b0109dcc4e8646cd41,smooth_no_interface,c67e153f11105dcd0f2c,local_detector_component_mean,0.17424475709506482,0.7082293291625648,0.29177067083743524,0.4462724579602934,0.7815520671342108,12,12,1,1,0.003618541988544166
development,2153,60ee21e822fc2128ce363c269c73f8a60bcb26118efe11b0109dcc4e8646cd41,smooth_no_interface,c67e153f11105dcd0f2c,component_damping,0.17424475709506482,0.5313525182701843,0.46864748172981574,0.8871263315131669,0.8480514983843707,12,12,1,1,0.003618541988544166
development,2153,60ee21e822fc2128ce363c269c73f8a60bcb26118efe11b0109dcc4e8646cd41,smooth_no_interface,c67e153f11105dcd0f2c,ridge_geometry_only,0.17424475709506482,1.0362356637462489,-0.03623566374624887,0.3073012786597478,0.03359850166642233,12,12,1,1,0.003618541988544166
development,2153,60ee21e822fc2128ce363c269c73f8a60bcb26118efe11b0109dcc4e8646cd41,smooth_no_interface,c67e153f11105dcd0f2c,ridge_geometry_observation,0.17424475709506482,0.6503764032990925,0.3496235967009075,0.9782707492189137,0.7840488913901855,12,12,1,1,0.003618541988544166
development,2153,60ee21e822fc2128ce363c269c73f8a60bcb26118efe11b0109dcc4e8646cd41,smooth_no_interface,c67e153f11105dcd0f2c,ridge_geometry_signal,0.17424475709506482,1.012628435018909,-0.012628435018908979,1.2708453862876328,0.6254229135942793,12,12,1,1,0.003618541988544166
development,2153,60ee21e822fc2128ce363c269c73f8a60bcb26118efe11b0109dcc4e8646cd41,smooth_no_interface,c67e153f11105dcd0f2c,ridge_curvature_visible,0.17424475709506482,0.43252433650192057,0.5674756634980794,1.086109416876667,0.9172908055119144,12,12,1,1,0.003618541988544166
development,2153,60ee21e822fc2128ce363c269c73f8a60bcb26118efe11b0109dcc4e8646cd41,single_interface,d1f773e0843797aa3ccb,zero,0.2968443438140976,1.0,0.0,0.0,0.0,12,12,1,1,0.0035912079620175064
development,2153,60ee21e822fc2128ce363c269c73f8a60bcb26118efe11b0109dcc4e8646cd41,single_interface,d1f773e0843797aa3ccb,global_component_mean,0.2968443438140976,0.9997965681043841,0.00020343189561589092,0.0057568297524449846,0.03821230733000335,12,12,1,1,0.0035912079620175064
development,2153,60ee21e822fc2128ce363c269c73f8a60bcb26118efe11b0109dcc4e8646cd41,single_interface,d1f773e0843797aa3ccb,nominal_slot_component_mean,0.2968443438140976,0.9999990226610853,9.773389146872091e-07,0.010969370955974174,0.0055737825138149075,12,12,1,1,0.0035912079620175064
development,2153,60ee21e822fc2128ce363c269c73f8a60bcb26118efe11b0109dcc4e8646cd41,single_interface,d1f773e0843797aa3ccb,local_detector_component_mean,0.2968443438140976,0.9794261856167132,0.02057381438328676,0.26195761400192763,0.20870960151032997,12,12,1,1,0.0035912079620175064
development,2153,60ee21e822fc2128ce363c269c73f8a60bcb26118efe11b0109dcc4e8646cd41,single_interface,d1f773e0843797aa3ccb,component_damping,0.2968443438140976,0.7120504190979107,0.28794958090208933,0.5419057820181732,0.7258144343077304,12,12,1,1,0.0035912079620175064
development,2153,60ee21e822fc2128ce363c269c73f8a60bcb26118efe11b0109dcc4e8646cd41,single_interface,d1f773e0843797aa3ccb,ridge_geometry_only,0.2968443438140976,1.0097514947668236,-0.009751494766823576,0.18038287665202815,0.03586787517084639,12,12,1,1,0.0035912079620175064
development,2153,60ee21e822fc2128ce363c269c73f8a60bcb26118efe11b0109dcc4e8646cd41,single_interface,d1f773e0843797aa3ccb,ridge_geometry_observation,0.2968443438140976,0.7813772290916573,0.2186227709083427,0.5945590833316076,0.6247908326167091,12,12,1,1,0.0035912079620175064
development,2153,60ee21e822fc2128ce363c269c73f8a60bcb26118efe11b0109dcc4e8646cd41,single_interface,d1f773e0843797aa3ccb,ridge_geometry_signal,0.2968443438140976,0.8003147550174378,0.19968524498256224,0.7425159269749566,0.6133378164853673,12,12,1,1,0.0035912079620175064
development,2153,60ee21e822fc2128ce363c269c73f8a60bcb26118efe11b0109dcc4e8646cd41,single_interface,d1f773e0843797aa3ccb,ridge_curvature_visible,0.2968443438140976,0.5722513014702517,0.4277486985297483,0.7286802627515575,0.8258103278005308,12,12,1,1,0.0035912079620175064
development,2161,7ae13d5a74d37c97d5a759d8b6eeb04732a95f5ca214902f3eae04898de4a597,smooth_no_interface,a7807f272a639137f150,zero,0.17132381566075205,1.0,0.0,0.0,0.0,12,12,1,1,0.003771166957449168
development,2161,7ae13d5a74d37c97d5a759d8b6eeb04732a95f5ca214902f3eae04898de4a597,smooth_no_interface,a7807f272a639137f150,global_component_mean,0.17132381566075205,0.999918265650984,8.173434901603827e-05,0.00997457559372749,0.01318122126261818,12,12,1,1,0.003771166957449168
development,2161,7ae13d5a74d37c97d5a759d8b6eeb04732a95f5ca214902f3eae04898de4a597,smooth_no_interface,a7807f272a639137f150,nominal_slot_component_mean,0.17132381566075205,1.000073187296366,-7.318729636596188e-05,0.019006089205527325,0.005652174822836879,12,12,1,1,0.003771166957449168
development,2161,7ae13d5a74d37c97d5a759d8b6eeb04732a95f5ca214902f3eae04898de4a597,smooth_no_interface,a7807f272a639137f150,local_detector_component_mean,0.17132381566075205,0.6578760741368052,0.34212392586319484,0.4538810657211083,0.8517728005133162,12,12,1,1,0.003771166957449168
development,2161,7ae13d5a74d37c97d5a759d8b6eeb04732a95f5ca214902f3eae04898de4a597,smooth_no_interface,a7807f272a639137f150,component_damping,0.17132381566075205,0.5286055746321996,0.4713944253678004,0.9177530883524333,0.8514528022203891,12,12,1,1,0.003771166957449168
development,2161,7ae13d5a74d37c97d5a759d8b6eeb04732a95f5ca214902f3eae04898de4a597,smooth_no_interface,a7807f272a639137f150,ridge_geometry_only,0.17132381566075205,1.0691380978942038,-0.06913809789420378,0.3936230881900715,0.015094215181954428,12,12,1,1,0.003771166957449168
development,2161,7ae13d5a74d37c97d5a759d8b6eeb04732a95f5ca214902f3eae04898de4a597,smooth_no_interface,a7807f272a639137f150,ridge_geometry_observation,0.17132381566075205,0.7390891578022226,0.2609108421977774,1.0436626026591644,0.7392134398018679,12,12,1,1,0.003771166957449168
development,2161,7ae13d5a74d37c97d5a759d8b6eeb04732a95f5ca214902f3eae04898de4a597,smooth_no_interface,a7807f272a639137f150,ridge_geometry_signal,0.17132381566075205,1.1695375317505055,-0.16953753175050545,1.384819521986555,0.5596061601148677,12,12,1,1,0.003771166957449168
development,2161,7ae13d5a74d37c97d5a759d8b6eeb04732a95f5ca214902f3eae04898de4a597,smooth_no_interface,a7807f272a639137f150,ridge_curvature_visible,0.17132381566075205,0.5728548230059642,0.42714517699403576,1.1300326325123236,0.8622808962467219,12,12,1,1,0.003771166957449168
development,2161,7ae13d5a74d37c97d5a759d8b6eeb04732a95f5ca214902f3eae04898de4a597,single_interface,99689ce39ea56bfb0b6d,zero,0.27625320326273456,1.0,0.0,0.0,0.0,12,12,1,1,0.004166250000707805
development,2161,7ae13d5a74d37c97d5a759d8b6eeb04732a95f5ca214902f3eae04898de4a597,single_interface,99689ce39ea56bfb0b6d,global_component_mean,0.27625320326273456,0.9999267953862343,7.320461376569831e-05,0.006185927729094052,0.01492658648571701,12,12,1,1,0.004166250000707805
development,2161,7ae13d5a74d37c97d5a759d8b6eeb04732a95f5ca214902f3eae04898de4a597,single_interface,99689ce39ea56bfb0b6d,nominal_slot_component_mean,0.27625320326273456,0.9998419586720195,0.00015804132798047377,0.011786997164274407,0.019300546810565058,12,12,1,1,0.004166250000707805
development,2161,7ae13d5a74d37c97d5a759d8b6eeb04732a95f5ca214902f3eae04898de4a597,single_interface,99689ce39ea56bfb0b6d,local_detector_component_mean,0.27625320326273456,0.9739225102618395,0.026077489738160486,0.28148320134247823,0.23217679779806208,12,12,1,1,0.004166250000707805
development,2161,7ae13d5a74d37c97d5a759d8b6eeb04732a95f5ca214902f3eae04898de4a597,single_interface,99689ce39ea56bfb0b6d,component_damping,0.27625320326273456,0.587924123024244,0.412075876975756,0.5867478001510154,0.850977375877002,12,12,1,1,0.004166250000707805
development,2161,7ae13d5a74d37c97d5a759d8b6eeb04732a95f5ca214902f3eae04898de4a597,single_interface,99689ce39ea56bfb0b6d,ridge_geometry_only,0.27625320326273456,1.0173870919453618,-0.01738709194536181,0.24411304051651064,0.05021174133365778,12,12,1,1,0.004166250000707805
development,2161,7ae13d5a74d37c97d5a759d8b6eeb04732a95f5ca214902f3eae04898de4a597,single_interface,99689ce39ea56bfb0b6d,ridge_geometry_observation,0.27625320326273456,0.7076791122932306,0.29232088770676945,0.6799742692663525,0.7070526962186598,12,12,1,1,0.004166250000707805
development,2161,7ae13d5a74d37c97d5a759d8b6eeb04732a95f5ca214902f3eae04898de4a597,single_interface,99689ce39ea56bfb0b6d,ridge_geometry_signal,0.27625320326273456,0.8355502715982133,0.16444972840178673,0.8979760889328063,0.6170636465633866,12,12,1,1,0.004166250000707805
development,2161,7ae13d5a74d37c97d5a759d8b6eeb04732a95f5ca214902f3eae04898de4a597,single_interface,99689ce39ea56bfb0b6d,ridge_curvature_visible,0.27625320326273456,0.4899984404648163,0.5100015595351837,0.7659683120260476,0.8790239506176122,12,12,1,1,0.004166250000707805
