source_index,sample_seed,source_split,total_budget,locked_neural_baseline,model_seed_count,baseline_field_rel_l2,own_field_rel_l2,field_superiority_pct,baseline_audit_rel_l2,own_audit_rel_l2,audit_superiority_pct
160,20460721,test_iid,4,ridge_fno_aug,3,0.10852982103824615,0.09547525147596995,12.02855531988342,0.10855562488238017,0.11941411097844441,-10.002693188611241
160,20460721,test_iid,6,ridge_fno_aug,3,0.11801985154549281,0.08862136056025822,24.90978475231629,0.12257231771945953,0.11649482697248459,4.958289816168257
160,20460721,test_iid,8,ridge_fno_aug,3,0.11783885210752487,0.10224554687738419,13.232736869992483,0.12029418845971425,0.12742115060488382,-5.924610520563176
161,20460722,test_iid,4,ridge_fno_aug,3,0.1705868442853292,0.15992777546246847,6.248470605956882,0.15784328679243723,0.15791969001293182,-0.04840447892762338
161,20460722,test_iid,6,ridge_fno_aug,3,0.15095635255177817,0.10514410336812337,30.348010142625615,0.12842801958322525,0.11962014436721802,6.858219292426977
161,20460722,test_iid,8,ridge_fno_aug,3,0.14867287377516428,0.14006555577119192,5.789434067798524,0.1218477115035057,0.1330836514631907,-9.221297487617987
162,20460723,test_iid,4,ridge_fno_aug,3,0.22052085399627686,0.21536856393019357,2.3364185167480374,0.3336050013701121,0.3415729304154714,-2.3884321315961015
162,20460723,test_iid,6,ridge_fno_aug,3,0.13296025494734445,0.10180250555276871,23.433882107612266,0.1368714968363444,0.14023518562316895,-2.4575524229284205
162,20460723,test_iid,8,ridge_fno_aug,3,0.11738419781128566,0.10002731780211131,14.786385503890832,0.13799815624952316,0.1229565441608429,10.899864532518523
163,20460724,test_iid,4,ridge_fno_aug,3,0.0985921174287796,0.09900279591480891,-0.4165429212145786,0.10832984745502472,0.09829426060120265,9.263916722393521
163,20460724,test_iid,6,ridge_fno_aug,3,0.0916898176074028,0.08189368496338527,10.683991853769133,0.11016424000263214,0.09771440674861272,11.301156576407145
163,20460724,test_iid,8,ridge_fno_aug,3,0.09249528497457504,0.08946919441223145,3.2716160214465937,0.09108062833547592,0.09704992920160294,-6.55386438933517
164,20460725,test_iid,4,ridge_fno_aug,3,0.3053327600161235,0.3013279338677724,1.3116267472008163,0.6007803678512573,0.609419584274292,-1.4379991233600373
164,20460725,test_iid,6,ridge_fno_aug,3,0.2490326315164566,0.22916723787784576,7.977024343180633,0.4886040985584259,0.41174229979515076,15.730895215551886
164,20460725,test_iid,8,ridge_fno_aug,3,0.23726432025432587,0.2337478051582972,1.4821086846283706,0.4548574388027191,0.4390520254770915,3.474805945176156
165,20460726,test_iid,4,ridge_fno_aug,3,0.17339439193407694,0.16909028589725494,2.482263693068893,0.23271488149960837,0.24620540936787924,-5.797019847325752
165,20460726,test_iid,6,ridge_fno_aug,3,0.12271824230750401,0.1030866727232933,15.997270833506958,0.16640440622965494,0.15204143027464548,8.631367570339926
165,20460726,test_iid,8,ridge_fno_aug,3,0.12483551104863484,0.12150249878565471,2.66992319329307,0.1480796088774999,0.15939553081989288,-7.641782706002247
166,20460727,test_iid,4,ridge_fno_aug,3,0.28974539041519165,0.297137310107549,-2.551177667309763,0.4784156183401744,0.49473445614178974,-3.411016943426342
166,20460727,test_iid,6,ridge_fno_aug,3,0.2289214034875234,0.19982391595840454,12.710688946382255,0.4114244083563487,0.3481944501399994,15.368548129849895
166,20460727,test_iid,8,ridge_fno_aug,3,0.2110393246014913,0.21719750265280405,-2.9180239573416684,0.3757304847240448,0.39608173569043476,-5.416449235223158
167,20460728,test_iid,4,ridge_fno_aug,3,0.3105076849460602,0.3157709042231242,-1.695036719610136,0.5339307983716329,0.5360059142112732,-0.38864883725849975
167,20460728,test_iid,6,ridge_fno_aug,3,0.2277806450923284,0.21025634308656058,7.693499155113729,0.42099029819170636,0.3819855252901713,9.265005172086124
167,20460728,test_iid,8,ridge_fno_aug,3,0.21646657089392343,0.21834760904312134,-0.8689739673988708,0.41077760855356854,0.4151862661043803,-1.0732468028928877
168,20460729,test_iid,4,ridge_fno_aug,3,0.15847406287988028,0.15185630321502686,4.175926044016284,0.22848547995090485,0.21646939714749655,5.259013748242394
168,20460729,test_iid,6,ridge_fno_aug,3,0.11918387810389201,0.09853132565816243,17.328310484706304,0.19752228260040283,0.19278834760189056,2.396658714229868
168,20460729,test_iid,8,ridge_fno_aug,3,0.10642607510089874,0.09953674177328746,6.473350934923626,0.1603440890709559,0.18150174617767334,-13.195158754634692
169,20460730,test_iid,4,ridge_fno_aug,3,0.1304118980964025,0.1277167946100235,2.0666085884020093,0.20790604750315347,0.2216170827547709,-6.594822717383205
169,20460730,test_iid,6,ridge_fno_aug,3,0.12127347042163213,0.09687184790770213,20.12115463414342,0.1291866029302279,0.15131499618291855,-17.129015509813062
169,20460730,test_iid,8,ridge_fno_aug,3,0.12196074674526851,0.10915105789899826,10.503124315006026,0.14539716144402823,0.14538110544284186,0.011042857389235418
170,20460731,test_iid,4,ridge_fno_aug,3,0.1143771360317866,0.10205885271231334,10.769882641529149,0.1433845261732737,0.14105640848477682,1.6236882393203484
170,20460731,test_iid,6,ridge_fno_aug,3,0.10029653459787369,0.07693756868441899,23.289903292149248,0.10112749288479488,0.09385741750399272,7.1890196951806
170,20460731,test_iid,8,ridge_fno_aug,3,0.09515127787987392,0.08606451998154323,9.549801222540587,0.09882730742295583,0.11090034991502762,-12.21630216057599
171,20460732,test_iid,4,ridge_fno_aug,3,0.14831395943959555,0.14535635709762573,1.9941496762173831,0.19323914249738058,0.20982971290747324,-8.585512332332819
171,20460732,test_iid,6,ridge_fno_aug,3,0.09592984368403752,0.09374096244573593,2.281752116148811,0.08977333704630534,0.14699751635392508,-63.74295663919222
171,20460732,test_iid,8,ridge_fno_aug,3,0.09727078676223755,0.08786635100841522,9.668304397201227,0.10467071831226349,0.10239576051632564,2.173442422673789
172,20460733,test_iid,4,ridge_fno_aug,3,0.42208337783813477,0.420441468556722,0.3890011707683373,0.5806490580240885,0.5703485210736593,1.7739694584993444
172,20460733,test_iid,6,ridge_fno_aug,3,0.3523394962151845,0.3352425793806712,4.852398615006016,0.47438137729962665,0.4445767104625702,6.282849256573691
172,20460733,test_iid,8,ridge_fno_aug,3,0.3405118485291799,0.3410859704017639,-0.16860554928183613,0.4620518684387207,0.46913962562878925,-1.533974359632573
173,20460734,test_iid,4,ridge_fno_aug,3,0.39648330211639404,0.3935784498850505,0.7326543679974388,0.4686252971490224,0.4673641423384349,0.26911795378041464
173,20460734,test_iid,6,ridge_fno_aug,3,0.33213988939921063,0.3180979788303375,4.227709774405736,0.44090673327445984,0.42434584101041156,3.756098742475256
173,20460734,test_iid,8,ridge_fno_aug,3,0.3273523946603139,0.3313275674978892,-1.2143405401656269,0.43151868383089703,0.444378395875295,-2.980105503243424
174,20460735,test_iid,4,ridge_fno_aug,3,0.3525032897790273,0.35232211152712506,0.05139760596710632,0.3821297883987427,0.3939280112584432,-3.087491009038658
174,20460735,test_iid,6,ridge_fno_aug,3,0.3180558482805888,0.29715168476104736,6.572482044421982,0.38480111956596375,0.35030357042948407,8.965033463338548
174,20460735,test_iid,8,ridge_fno_aug,3,0.30613240599632263,0.3089563151200612,-0.9224469766729909,0.3648390769958496,0.37826551993687946,-3.680100018766846
175,20460736,test_iid,4,ridge_fno_aug,3,0.25729772448539734,0.25491443276405334,0.9262778075870596,0.2689293523629506,0.25370993713537854,5.659261472870083
175,20460736,test_iid,6,ridge_fno_aug,3,0.13779450953006744,0.11953915903965633,13.248242293932057,0.17503962417443594,0.18404791255791983,-5.146428087879806
175,20460736,test_iid,8,ridge_fno_aug,3,0.13522409896055856,0.13548676669597626,-0.1942462456284247,0.165006955464681,0.19147202372550964,-16.038759206325086
176,20460737,test_iid,4,ridge_fno_aug,3,0.13731278975804648,0.11855130145947139,13.663321771771837,0.15221980710824332,0.1752215176820755,-15.110852530068302
176,20460737,test_iid,6,ridge_fno_aug,3,0.12084059168895085,0.09689407795667648,19.81661410076145,0.1174212321639061,0.10667863488197327,9.148768995070629
176,20460737,test_iid,8,ridge_fno_aug,3,0.1109986702601115,0.10355936239163081,6.702159450181316,0.12761985013882318,0.1282994175950686,-0.5324935388192925
177,20460738,test_iid,4,ridge_fno_aug,3,0.14020496606826782,0.12759729226430258,8.992316147872009,0.09166687975327174,0.12325201680262883,-34.456433047602665
177,20460738,test_iid,6,ridge_fno_aug,3,0.13736720383167267,0.11187533289194107,18.557465121575387,0.11342578381299973,0.12824205060799918,-13.062520969038022
177,20460738,test_iid,8,ridge_fno_aug,3,0.14236305157343546,0.13323803742726645,6.4096786667978485,0.15740211308002472,0.14427285393079123,8.341221659759446
178,20460739,test_iid,4,ridge_fno_aug,3,0.17170601586500803,0.16099923849105835,6.235528394243789,0.21800360083580017,0.19637652238210043,9.92051432668307
178,20460739,test_iid,6,ridge_fno_aug,3,0.12673586110273996,0.10531879713137944,16.898976962668467,0.1645200550556183,0.1873698184887568,-13.888740448861965
178,20460739,test_iid,8,ridge_fno_aug,3,0.11364354193210602,0.1127428909142812,0.7925228328020288,0.14552748203277588,0.14895577232042947,-2.355768298703824
179,20460740,test_iid,4,ridge_fno_aug,3,0.1343943327665329,0.1108281637231509,17.53509136739071,0.16886456310749054,0.11731818070014317,30.525281005364235
179,20460740,test_iid,6,ridge_fno_aug,3,0.11299729843934377,0.10542104144891103,6.704812499948906,0.11080330858627956,0.14384505152702332,-29.820177178840144
179,20460740,test_iid,8,ridge_fno_aug,3,0.11024023095766704,0.10241346806287766,7.099733760285674,0.13092470665772757,0.1208682432770729,7.6811043822829825
180,20460741,test_iid,4,ridge_fno_aug,3,0.23627897600332895,0.22823555767536163,3.404203989702389,0.5123621225357056,0.5112364093462626,0.21971046256690133
180,20460741,test_iid,6,ridge_fno_aug,3,0.19600459933280945,0.18230490883191428,6.989473995742134,0.4099583029747009,0.37119152148564655,9.456274261958825
180,20460741,test_iid,8,ridge_fno_aug,3,0.18737864991029105,0.18501394987106323,1.2619901148542327,0.371465802192688,0.3641295035680135,1.9749593586677567
181,20460742,test_iid,4,ridge_fno_aug,3,0.1864762802918752,0.18080239991346994,3.0426820877668783,0.29931776722272235,0.29586605230967206,1.1531941271198725
181,20460742,test_iid,6,ridge_fno_aug,3,0.11983146021763484,0.10747883220513661,10.3083347144069,0.2511832267045975,0.2221059650182724,11.576115996155051
181,20460742,test_iid,8,ridge_fno_aug,3,0.11065467198689778,0.10926800966262817,1.2531439471631765,0.2276433358589808,0.20900156597296396,8.189025088563564
182,20460743,test_iid,4,ridge_fno_aug,3,0.4246004819869995,0.42914870381355286,-1.0711767931252352,0.6360535820325216,0.6381913224856058,-0.3360943973068564
182,20460743,test_iid,6,ridge_fno_aug,3,0.3082549174626668,0.28573426604270935,7.305853092388026,0.5484605431556702,0.4985475440820058,9.100563330661783
182,20460743,test_iid,8,ridge_fno_aug,3,0.28456367055575055,0.2827002704143524,0.6548271385986753,0.5119483669598898,0.5035170515378317,1.6469073770289446
183,20460744,test_iid,4,ridge_fno_aug,3,0.34551185369491577,0.35188379883766174,-1.8442044967736206,0.5197696089744568,0.5346056222915649,-2.8543441288058653
183,20460744,test_iid,6,ridge_fno_aug,3,0.29606539011001587,0.27314451336860657,7.7418291725401085,0.5191439588864645,0.46788955728212994,9.872868734555576
183,20460744,test_iid,8,ridge_fno_aug,3,0.27987827857335407,0.278590848048528,0.45999658543848865,0.4958367645740509,0.49350303411483765,0.4706650708350245
184,20560721,test_noise_ood,4,ridge_fno_aug,3,0.16224749386310577,0.15472599367300668,4.6358190262087495,0.19518915812174478,0.17874936759471893,8.42249164099969
184,20560721,test_noise_ood,6,ridge_fno_aug,3,0.12310099601745605,0.11387407531340916,7.495407025515483,0.1355247050523758,0.14323665698369345,-5.690439929959884
184,20560721,test_noise_ood,8,ridge_fno_aug,3,0.13371394077936807,0.13520127534866333,-1.1123257310457098,0.13874215384324393,0.13376413782437643,3.587962188085938
185,20560722,test_noise_ood,4,ridge_fno_aug,3,0.23782566686471304,0.21948435405890146,7.7120829923575505,0.3157341678937276,0.3101327915986379,1.774079863588707
185,20560722,test_noise_ood,6,ridge_fno_aug,3,0.1505024085442225,0.14287338654200235,5.069036486501017,0.12135435392459233,0.17788425087928772,-46.58250415090697
185,20560722,test_noise_ood,8,ridge_fno_aug,3,0.16025853157043457,0.157054473956426,1.9993054863231297,0.1492102195819219,0.16610576212406158,-11.32331457548065
186,20560723,test_noise_ood,4,ridge_fno_aug,3,0.33042848110198975,0.3292597234249115,0.3537097265879942,0.5964106321334839,0.6098323861757914,-2.250421659029218
186,20560723,test_noise_ood,6,ridge_fno_aug,3,0.22039848069349924,0.20835236211617789,5.465608718972445,0.31271450718243915,0.2804173429807027,10.328003165772815
186,20560723,test_noise_ood,8,ridge_fno_aug,3,0.2207117180029551,0.22294353942076364,-1.0111929887512991,0.2965390781561534,0.31106331944465637,-4.897918135702084
187,20560724,test_noise_ood,4,ridge_fno_aug,3,0.20444976290067038,0.1961024602254232,4.082813575705543,0.3377521832784017,0.29822638630867004,11.70260295165416
187,20560724,test_noise_ood,6,ridge_fno_aug,3,0.14392149448394775,0.13310515880584717,7.515441468148337,0.2151081661383311,0.19812776148319244,7.893891226863046
187,20560724,test_noise_ood,8,ridge_fno_aug,3,0.15260848899682364,0.15314748883247375,-0.3531912537695092,0.2074154019355774,0.20532304048538208,1.008778244363505
188,20560725,test_noise_ood,4,ridge_fno_aug,3,0.17415131131807962,0.16424275934696198,5.689622372675231,0.25204411149024963,0.24498651921749115,2.8001417017844146
188,20560725,test_noise_ood,6,ridge_fno_aug,3,0.12967451413472494,0.12110081315040588,6.611708585501483,0.13166979451974234,0.1666297217210134,-26.551212697277897
188,20560725,test_noise_ood,8,ridge_fno_aug,3,0.12588482101758322,0.12253934144973755,2.657571850820528,0.1333617866039276,0.13837860524654388,-3.761811213191189
189,20560726,test_noise_ood,4,ridge_fno_aug,3,0.17507758239905039,0.1647840142250061,5.879432439570469,0.31177301208178204,0.29900484283765155,4.095341402013425
189,20560726,test_noise_ood,6,ridge_fno_aug,3,0.119352492193381,0.10793161143859227,9.56903416494089,0.1481106380621592,0.15857775012652078,-7.067089981678462
189,20560726,test_noise_ood,8,ridge_fno_aug,3,0.15262731909751892,0.15022043883800507,1.576965561427601,0.17178445557753244,0.17042028903961182,0.7941152377998407
190,20560727,test_noise_ood,4,ridge_fno_aug,3,0.3594996432463328,0.3702659209569295,-2.994795102811708,0.5039923985799154,0.5319701234499613,-5.551219611411285
190,20560727,test_noise_ood,6,ridge_fno_aug,3,0.2705164353052775,0.22713174422581991,16.037728365870876,0.452109436194102,0.3532930513223012,21.85674019622936
190,20560727,test_noise_ood,8,ridge_fno_aug,3,0.25821416079998016,0.2579641987880071,0.09680414551924638,0.39992715915044147,0.41328852375348407,-3.3409495447602295
191,20560728,test_noise_ood,4,ridge_fno_aug,3,0.23920880258083344,0.23173384368419647,3.1248678208987632,0.45391130447387695,0.43991873661677044,3.082665648368087
191,20560728,test_noise_ood,6,ridge_fno_aug,3,0.16428475578625998,0.1487902800242106,9.431475055490782,0.3451973299185435,0.3014383316040039,12.676517030053128
191,20560728,test_noise_ood,8,ridge_fno_aug,3,0.16556300719579062,0.1603132039308548,3.170879385330219,0.3149821360905965,0.2813933889071147,10.663699091085673
192,20560729,test_noise_ood,4,ridge_fno_aug,3,0.14800887803236643,0.15188709398110709,-2.6202590008596465,0.13517962396144867,0.1705566147963206,-26.170357482795804
192,20560729,test_noise_ood,6,ridge_fno_aug,3,0.14199460049470267,0.11832509686549504,16.6692983723166,0.12969417124986649,0.11108992248773575,14.344706922984745
192,20560729,test_noise_ood,8,ridge_fno_aug,3,0.14492500821749368,0.14199136197566986,2.0242512164642847,0.11004842817783356,0.11182116468747456,-1.6108694499118439
193,20560730,test_noise_ood,4,ridge_fno_aug,3,0.20112731556097665,0.19079276422659555,5.138313165223224,0.2781098385651906,0.28270500898361206,-1.6522861766099612
193,20560730,test_noise_ood,6,ridge_fno_aug,3,0.12659511963526407,0.13077905774116516,-3.3049758299707572,0.12540473540623984,0.15608482559521994,-24.464857797713503
193,20560730,test_noise_ood,8,ridge_fno_aug,3,0.14417735735575357,0.1415869543949763,1.7966780694749243,0.1367130974928538,0.15627997616926828,-14.31236584870309
194,20560731,test_noise_ood,4,ridge_fno_aug,3,0.4019066393375397,0.3950658440589905,1.702085660940515,0.5549450914065043,0.5541238784790039,0.14798093364832401
194,20560731,test_noise_ood,6,ridge_fno_aug,3,0.2814342776934306,0.26338669657707214,6.412716057264978,0.41188256939252216,0.3578822712103526,13.110605350860677
194,20560731,test_noise_ood,8,ridge_fno_aug,3,0.28105586767196655,0.28217925628026325,-0.3997029550024752,0.36759090423583984,0.37353476881980896,-1.6169781448507954
195,20560732,test_noise_ood,4,ridge_fno_aug,3,0.3247100015481313,0.3198340932528178,1.5016193748426057,0.6565194328625997,0.6452769835789999,1.7124320653484169
195,20560732,test_noise_ood,6,ridge_fno_aug,3,0.20707541207472482,0.17935251692930856,13.387825656132632,0.4281518856684367,0.3156338632106781,26.27993154387983
195,20560732,test_noise_ood,8,ridge_fno_aug,3,0.1991706838210424,0.19708943367004395,1.0449580786989843,0.39386242628097534,0.38926902413368225,1.166245328515944
196,20560733,test_noise_ood,4,ridge_fno_aug,3,0.19220022360483804,0.20579420030117035,-7.072820437613368,0.16990554829438528,0.18680850168069205,-9.94844109323642
196,20560733,test_noise_ood,6,ridge_fno_aug,3,0.1551850438117981,0.14452690879503885,6.86801688802969,0.1475269595781962,0.13163510710000992,10.772168370795393
196,20560733,test_noise_ood,8,ridge_fno_aug,3,0.16847334305445352,0.1620762844880422,3.7970746293707163,0.16250055034955344,0.1567875345547994,3.5156901206978413
197,20560734,test_noise_ood,4,ridge_fno_aug,3,0.1702641248703003,0.16579603652159372,2.6242100924571887,0.23050037026405334,0.22752569119135538,1.290531147206996
197,20560734,test_noise_ood,6,ridge_fno_aug,3,0.12302665164073308,0.11037815858920415,10.281099975282356,0.11664893726507823,0.10989489157994588,5.790061910059462
197,20560734,test_noise_ood,8,ridge_fno_aug,3,0.15216139952341715,0.1525788058837255,-0.27431816585083857,0.1549751659234365,0.16465328633785248,-6.2449492192412865
198,20560735,test_noise_ood,4,ridge_fno_aug,3,0.4344564477602641,0.4379763901233673,-0.8101945272630497,0.5638967355092367,0.568305253982544,-0.7817953528881929
198,20560735,test_noise_ood,6,ridge_fno_aug,3,0.3156517644723256,0.3017839193344116,4.39340016396009,0.4923999011516571,0.4709082841873169,4.36466719713602
198,20560735,test_noise_ood,8,ridge_fno_aug,3,0.3198048373063405,0.31905607382456463,0.23413138090100308,0.5116195480028788,0.5000444054603577,2.262451188130397
199,20560736,test_noise_ood,4,ridge_fno_aug,3,0.35665517052014667,0.3592950403690338,-0.7401742823550688,0.7168596982955933,0.7268685698509216,-1.3962106642501337
199,20560736,test_noise_ood,6,ridge_fno_aug,3,0.2544820308685303,0.23380169769128165,8.126441425583865,0.5314785440762838,0.4813884198665619,9.424674762117618
199,20560736,test_noise_ood,8,ridge_fno_aug,3,0.2635062336921692,0.2631303171316783,0.14265945637120328,0.5123416384061178,0.5369523167610168,-4.8035678754149735
200,20560737,test_noise_ood,4,ridge_fno_aug,3,0.1333476702372233,0.11995100229978561,10.046420693743482,0.13948214054107666,0.15209311743577322,-9.041284314741565
200,20560737,test_noise_ood,6,ridge_fno_aug,3,0.1306899885336558,0.11103489001592,15.039482930648312,0.14994414647420248,0.15560175975163779,-3.7731471420732983
200,20560737,test_noise_ood,8,ridge_fno_aug,3,0.1589291344086329,0.14706768095493317,7.463360004923552,0.1921001821756363,0.18176375329494476,5.3807491297364685
201,20560738,test_noise_ood,4,ridge_fno_aug,3,0.15147443612416586,0.1413051337003708,6.713543673727235,0.2170384873946508,0.23484311501185098,-8.203442546456385
201,20560738,test_noise_ood,6,ridge_fno_aug,3,0.13456669449806213,0.11577782779932022,13.962494039617553,0.14634800950686136,0.1501822421948115,-2.619941809146486
201,20560738,test_noise_ood,8,ridge_fno_aug,3,0.16662001609802246,0.16066590944925943,3.5734642140620716,0.18804251154263815,0.18720187743504843,0.44704471381974686
202,20560739,test_noise_ood,4,ridge_fno_aug,3,0.30860550204912823,0.3108997444311778,-0.743422384503338,0.37461840113004047,0.3931740919748942,-4.953224611719762
202,20560739,test_noise_ood,6,ridge_fno_aug,3,0.29146357377370197,0.2642541229724884,9.335455010321859,0.37094631791114807,0.29731057087580365,19.85078257409303
202,20560739,test_noise_ood,8,ridge_fno_aug,3,0.28665854533513385,0.29005812605222064,-1.1859338479166799,0.33852917949358624,0.36047808329264325,-6.483607655867672
203,20560740,test_noise_ood,4,ridge_fno_aug,3,0.26261022686958313,0.25822292764981586,1.6706505576911044,0.24473596115907034,0.23532936970392862,3.843567332954927
203,20560740,test_noise_ood,6,ridge_fno_aug,3,0.2360255022843679,0.21591406563917795,8.520874418423693,0.22647671898206076,0.18553197383880615,18.079008441621344
203,20560740,test_noise_ood,8,ridge_fno_aug,3,0.24131213625272116,0.2431570142507553,-0.7645193593141136,0.23648796478907266,0.24638066192468008,-4.1831714964391695
204,20560741,test_noise_ood,4,ridge_fno_aug,3,0.15815584858258566,0.15508855879306793,1.9394096500305276,0.2785026431083679,0.2880588968594869,-3.4312973278915067
204,20560741,test_noise_ood,6,ridge_fno_aug,3,0.13706053296724954,0.11726045111815135,14.446231471816132,0.15295593937238058,0.17032016813755035,-11.352438379513965
204,20560741,test_noise_ood,8,ridge_fno_aug,3,0.15148232877254486,0.1410373995701472,6.895146969922868,0.20088001092274985,0.19431360065937042,3.2688221357534206
205,20560742,test_noise_ood,4,ridge_fno_aug,3,0.1427191197872162,0.13178630669911703,7.660370316410706,0.17012289663155875,0.14084601402282715,17.20925471423491
205,20560742,test_noise_ood,6,ridge_fno_aug,3,0.14990260203679404,0.14195749660332999,5.300178466188932,0.17905554672082266,0.18850821753342947,-5.279183463270369
205,20560742,test_noise_ood,8,ridge_fno_aug,3,0.17110844453175864,0.16770868500073752,1.9869034168972506,0.22698294123013815,0.22344125310579935,1.5603322897874872
206,20560743,test_noise_ood,4,ridge_fno_aug,3,0.20361206928888956,0.19875003894170126,2.387889069712294,0.30522247155507404,0.28504907091458637,6.609408716743685
206,20560743,test_noise_ood,6,ridge_fno_aug,3,0.13710887730121613,0.12903990844885507,5.8850812661643985,0.15451056261857352,0.15346412857373556,0.6772572872020521
206,20560743,test_noise_ood,8,ridge_fno_aug,3,0.1540997326374054,0.15535933276017508,-0.8173928021830713,0.16840186715126038,0.18579955399036407,-10.33105341009883
207,20560744,test_noise_ood,4,ridge_fno_aug,3,0.37006596724192303,0.3672686417897542,0.7558991368510702,0.5534820954004923,0.5706236759821574,-3.09704337756954
207,20560744,test_noise_ood,6,ridge_fno_aug,3,0.3254157801469167,0.3107088506221771,4.519427274871114,0.45437490940093994,0.44969725608825684,1.029469985224306
207,20560744,test_noise_ood,8,ridge_fno_aug,3,0.31307452917099,0.31575653950373334,-0.8566683274543748,0.4461168845494588,0.45284704367319745,-1.508608922193219
208,20660721,test_family_ood,4,ridge_fno_aug,3,0.6493526697158813,0.6470309297243754,0.3575468462335359,0.7692318161328634,0.7548960049947103,1.8636529115767004
208,20660721,test_family_ood,6,ridge_fno_aug,3,0.5108280380566915,0.5113840500513712,-0.10884523817326182,0.5646690527598063,0.5600677331288656,0.8148701630527997
208,20660721,test_family_ood,8,ridge_fno_aug,3,0.43934015432993573,0.4422990679740906,-0.6734903730028801,0.5292702515920004,0.5379776954650879,-1.6451791588285603
209,20660722,test_family_ood,4,ridge_fno_aug,3,0.6539080937703451,0.6533593336741129,0.0839200648316272,0.7240626613299052,0.7299137314160665,-0.8080889125544014
209,20660722,test_family_ood,6,ridge_fno_aug,3,0.5385926763216654,0.5361063679059347,0.4616305651808006,0.6452950040499369,0.628532866636912,2.5975929315736295
209,20660722,test_family_ood,8,ridge_fno_aug,3,0.48035550117492676,0.4822404086589813,-0.39239843812348296,0.6176002224286398,0.6206687688827515,-0.49684995935397075
210,20660723,test_family_ood,4,ridge_fno_aug,3,0.6654000480969747,0.664363702138265,0.15574780339617939,0.7983161409695944,0.7876017888387045,1.3421189402312925
210,20660723,test_family_ood,6,ridge_fno_aug,3,0.5485031008720398,0.5497286319732666,-0.22343193671579195,0.7087153196334839,0.7116710344950358,-0.4170524863320688
210,20660723,test_family_ood,8,ridge_fno_aug,3,0.4839963714281718,0.4852670729160309,-0.26254359802468613,0.6926589012145996,0.6826585531234741,1.4437623011232685
211,20660724,test_family_ood,4,ridge_fno_aug,3,0.706568976243337,0.7042344411214193,0.3304044191589901,0.7999537189801534,0.7961531281471252,0.47510133934607474
211,20660724,test_family_ood,6,ridge_fno_aug,3,0.5844171643257141,0.586384137471517,-0.3365700506193947,0.6962191263834635,0.695427676041921,0.11367833941198509
211,20660724,test_family_ood,8,ridge_fno_aug,3,0.5143494606018066,0.5170887311299642,-0.5325699233644033,0.6565691828727722,0.6490670839945475,1.1426212307724217
212,20660725,test_family_ood,4,ridge_fno_aug,3,0.6928162376085917,0.689277450243632,0.5107829714224822,0.7507163683573405,0.7376310427983602,1.7430451913010903
212,20660725,test_family_ood,6,ridge_fno_aug,3,0.5797089536984762,0.5784267783164978,0.22117570787824603,0.5876643061637878,0.5736929972966512,2.3774302302476213
212,20660725,test_family_ood,8,ridge_fno_aug,3,0.5065461198488871,0.5107117295265198,-0.8223554607164197,0.5301442543665568,0.5417661269505819,-2.1922094766243614
213,20660726,test_family_ood,4,ridge_fno_aug,3,0.6102637847264608,0.605277399222056,0.8170869104794839,0.732045312722524,0.7125410238901774,2.6643554016871325
213,20660726,test_family_ood,6,ridge_fno_aug,3,0.4585154354572296,0.4599614044030507,-0.31535883723871594,0.5024607380231222,0.480792502562205,4.3124236027128005
213,20660726,test_family_ood,8,ridge_fno_aug,3,0.38278795282046,0.38727837800979614,-1.1730842510162662,0.4428728421529134,0.4496999680995941,-1.5415544365910938
214,20660727,test_family_ood,4,ridge_fno_aug,3,0.6561090151468912,0.6553426384925842,0.11680629843719863,0.6984396974245707,0.707685391108195,-1.323764058329393
214,20660727,test_family_ood,6,ridge_fno_aug,3,0.5458815296490988,0.544773538907369,0.20297274803196594,0.5799343784650167,0.5487518111864725,5.376913050235982
214,20660727,test_family_ood,8,ridge_fno_aug,3,0.4697675903638204,0.47407078742980957,-0.9160268086283566,0.5136285523573557,0.5250770449638367,-2.2289439623078833
215,20660728,test_family_ood,4,ridge_fno_aug,3,0.5925338665644327,0.5894807179768881,0.5152698874820398,0.6701463262240092,0.6744624177614847,-0.6440521075133686
215,20660728,test_family_ood,6,ridge_fno_aug,3,0.48148950934410095,0.47893183430035907,0.5312005753190154,0.5888014435768127,0.5602903366088867,4.842227762669905
215,20660728,test_family_ood,8,ridge_fno_aug,3,0.4290537138779958,0.4325331449508667,-0.8109546567990316,0.5768478711446127,0.5739247600237528,0.5067386510510291
216,20660729,test_family_ood,4,ridge_fno_aug,3,0.6475336949030558,0.6468066771825155,0.11227488642857603,0.7023322582244873,0.6986174980799357,0.5289177737524609
216,20660729,test_family_ood,6,ridge_fno_aug,3,0.5102285146713257,0.5102000037829081,0.00558786653386255,0.5446167588233948,0.5208572347958883,4.362613460297033
216,20660729,test_family_ood,8,ridge_fno_aug,3,0.4556685884793599,0.45518014828364056,0.10719198296031253,0.5099490582942963,0.4932084580262502,3.2827985454092357
217,20660730,test_family_ood,4,ridge_fno_aug,3,0.5963614185651144,0.5911067525545756,0.8811210529301308,0.7499972581863403,0.7094854712486267,5.401591338563835
217,20660730,test_family_ood,6,ridge_fno_aug,3,0.42167429129282635,0.4234015643596649,-0.409622569480999,0.43656157453854877,0.4464356601238251,-2.261785315322523
217,20660730,test_family_ood,8,ridge_fno_aug,3,0.3491678237915039,0.34795146187146503,0.3483602546269302,0.423961599667867,0.41001596053441364,3.289363740571207
218,20660731,test_family_ood,4,ridge_fno_aug,3,0.5569557547569275,0.5541094938913981,0.5110389543899228,0.6468894282976786,0.6343544125556946,1.9377369908411004
218,20660731,test_family_ood,6,ridge_fno_aug,3,0.41950854659080505,0.4240373770395915,-1.0795561820086421,0.5221657752990723,0.5052638252576193,3.236893500294995
218,20660731,test_family_ood,8,ridge_fno_aug,3,0.34935010472933453,0.34684967001279193,0.7157389342913464,0.4764576355616252,0.45191364487012226,5.151347960353315
219,20660732,test_family_ood,4,ridge_fno_aug,3,0.594475249449412,0.591815710067749,0.4473759646211835,0.6482133865356445,0.6546395222345988,-0.991361152426763
219,20660732,test_family_ood,6,ridge_fno_aug,3,0.46741249163945514,0.4692716797192891,-0.39776174430188665,0.520343542098999,0.4740695257981618,8.89297407518211
219,20660732,test_family_ood,8,ridge_fno_aug,3,0.4015079041322072,0.40403319398562115,-0.628951467061562,0.4614105522632599,0.4621789852778117,-0.1665399741685402
220,20660733,test_family_ood,4,ridge_fno_aug,3,0.6693031390508016,0.6679036219914755,0.20910062685629424,0.6716707150141398,0.6848187843958536,-1.9575171416275763
220,20660733,test_family_ood,6,ridge_fno_aug,3,0.55696568886439,0.554237941900889,0.48975134699190254,0.556555430094401,0.5099449157714844,8.374819793767346
220,20660733,test_family_ood,8,ridge_fno_aug,3,0.4934438367684682,0.49847028652826947,-1.0186467811025819,0.5208249986171722,0.5148666302363077,1.144025036561792
221,20660734,test_family_ood,4,ridge_fno_aug,3,0.6038488348325094,0.600593090057373,0.5391655307298902,0.6999416351318359,0.6954110662142435,0.6472781000851
221,20660734,test_family_ood,6,ridge_fno_aug,3,0.48100945353507996,0.48493767778078717,-0.8166625867390694,0.5672704974810282,0.5294249455134074,6.67151775662718
221,20660734,test_family_ood,8,ridge_fno_aug,3,0.41915300488471985,0.4208648403485616,-0.4084034812796969,0.5281340479850769,0.5212504863739014,1.3033739516368026
222,20660735,test_family_ood,4,ridge_fno_aug,3,0.6408567229906718,0.6379682223002116,0.45072487918609894,0.7196547985076904,0.7202207644780477,-0.07864409040697332
222,20660735,test_family_ood,6,ridge_fno_aug,3,0.5435019731521606,0.543854832649231,-0.06492331481764015,0.6245924631754557,0.6247521241505941,-0.02556242422882295
222,20660735,test_family_ood,8,ridge_fno_aug,3,0.46974820892016095,0.4738563696543376,-0.8745452683282331,0.5649970968564352,0.5970432758331299,-5.671919228424083
223,20660736,test_family_ood,4,ridge_fno_aug,3,0.6574505964914957,0.6551447113355001,0.35073132008663904,0.7477392355600992,0.7151712576548258,4.355526145533157
223,20660736,test_family_ood,6,ridge_fno_aug,3,0.5271142323811849,0.5290512243906657,-0.3674710130149363,0.5255862871805826,0.5151934623718262,1.9773774663123773
223,20660736,test_family_ood,8,ridge_fno_aug,3,0.442086120446523,0.44316790501276654,-0.24469996143476253,0.5160704056421915,0.5158566931883494,0.04141149182461023
224,20660737,test_family_ood,4,ridge_fno_aug,3,0.5952639977137247,0.5921208063761393,0.528033166738197,0.7673721313476562,0.7578559120496114,1.240104886441478
224,20660737,test_family_ood,6,ridge_fno_aug,3,0.46184036135673523,0.4674138029416402,-1.2067896293255882,0.6833256483078003,0.6792242527008057,0.600210985369186
224,20660737,test_family_ood,8,ridge_fno_aug,3,0.3867002030213674,0.3883399963378906,-0.42404769992541336,0.6201955676078796,0.6152852376302084,0.7917389665654497
225,20660738,test_family_ood,4,ridge_fno_aug,3,0.7015059192975363,0.698305626710256,0.45620321928008445,0.7423178752263387,0.7342218160629272,1.090645858545712
225,20660738,test_family_ood,6,ridge_fno_aug,3,0.5817980567614237,0.5809751947720846,0.1414342966214363,0.5753810008366903,0.5621510744094849,2.2993332084208813
225,20660738,test_family_ood,8,ridge_fno_aug,3,0.5049388408660889,0.5103610555330912,-1.0738359239093613,0.5391380588213602,0.5487237572669983,-1.7779673107433944
226,20660739,test_family_ood,4,ridge_fno_aug,3,0.6955567399660746,0.6937742233276367,0.25627192377177577,0.788355549176534,0.7983456055323283,-1.2672018819701976
226,20660739,test_family_ood,6,ridge_fno_aug,3,0.583910326162974,0.5801114439964294,0.650593420996935,0.7356269558270773,0.7108854651451111,3.3633202924320917
226,20660739,test_family_ood,8,ridge_fno_aug,3,0.5303717851638794,0.5325430035591125,-0.4093766780143059,0.6889783143997192,0.6815043886502584,1.0847838884394672
227,20660740,test_family_ood,4,ridge_fno_aug,3,0.6720918416976929,0.668183426062266,0.5815299923219522,0.8119013706843058,0.8012245694796244,1.3150367261566973
227,20660740,test_family_ood,6,ridge_fno_aug,3,0.5410218636194865,0.5415370464324951,-0.09522402838973831,0.6407089233398438,0.6385615666707357,0.33515323275210374
227,20660740,test_family_ood,8,ridge_fno_aug,3,0.47416795293490094,0.4770815273125966,-0.6144604163262687,0.60910564661026,0.6193165381749471,-1.6763744715707534
228,20660741,test_family_ood,4,ridge_fno_aug,3,0.6325057546297709,0.6325950225194296,-0.01411337193458338,0.6316601832707723,0.6519798636436462,-3.21686896071639
228,20660741,test_family_ood,6,ridge_fno_aug,3,0.5420100688934326,0.5421203176180521,-0.020340715227743063,0.5977645119031271,0.5482006470362345,8.29153686441023
228,20660741,test_family_ood,8,ridge_fno_aug,3,0.4542568524678548,0.4597807824611664,-1.2160366900993134,0.5818339983622233,0.5755926171938578,1.0727082270756465
229,20660742,test_family_ood,4,ridge_fno_aug,3,0.6748546560605367,0.6717185576756796,0.46470723091094923,0.6873752077420553,0.6933415730794271,-0.8679925127008781
229,20660742,test_family_ood,6,ridge_fno_aug,3,0.5668216546376547,0.5665030280749003,0.05621284228414133,0.5830714106559753,0.5530779361724854,5.144048213527544
229,20660742,test_family_ood,8,ridge_fno_aug,3,0.49162423610687256,0.49672719836235046,-1.0379802053449232,0.5439777175585429,0.550856331984202,-1.264502975695187
230,20660743,test_family_ood,4,ridge_fno_aug,3,0.6256194909413656,0.6222907900810242,0.5320647627725651,0.7365363637606303,0.7158927917480469,2.802790605904746
230,20660743,test_family_ood,6,ridge_fno_aug,3,0.46459012230237323,0.4660308559735616,-0.31010854558108064,0.5089127024014791,0.48319926857948303,5.052621736617677
230,20660743,test_family_ood,8,ridge_fno_aug,3,0.3906823396682739,0.3925727109114329,-0.48386401206649354,0.4525345762570699,0.4579061468442281,-1.1869967222338658
231,20660744,test_family_ood,4,ridge_fno_aug,3,0.5675841172536215,0.5676027337710062,-0.003279957422843373,0.6434459288914999,0.6517285307248434,-1.2872257732051446
231,20660744,test_family_ood,6,ridge_fno_aug,3,0.4467177987098694,0.4467525581518809,-0.007781073893147309,0.5609572331110636,0.5176064173380533,7.7280072729448115
231,20660744,test_family_ood,8,ridge_fno_aug,3,0.3873358865578969,0.3916899065176646,-1.1240941288577555,0.512612928946813,0.5106820066769918,0.37668231930563467
232,20760721,test_joint_ood,4,ridge_fno_aug,3,0.6430853803952535,0.6421175599098206,0.15049642161615187,0.6803315679232279,0.6891631682713827,-1.2981317881663252
232,20760721,test_joint_ood,6,ridge_fno_aug,3,0.5548211932182312,0.5530827045440674,0.31334215336595383,0.680165429910024,0.6746419072151184,0.8120851857507955
232,20760721,test_joint_ood,8,ridge_fno_aug,3,0.5025972823301951,0.5071884393692017,-0.9134862444363889,0.6763041019439697,0.6744355161984762,0.2762937175923826
233,20760722,test_joint_ood,4,ridge_fno_aug,3,0.6980374852816263,0.6956362128257751,0.34400336750954796,0.7963096102078756,0.7977211674054464,-0.1772623586949482
233,20760722,test_joint_ood,6,ridge_fno_aug,3,0.5692678292592367,0.5654873053232828,0.6641028601364387,0.7018210093180338,0.6843591928482056,2.4880726336151127
233,20760722,test_joint_ood,8,ridge_fno_aug,3,0.5213634173075358,0.5234655340512594,-0.40319605747858245,0.6780069867769877,0.6816357374191284,-0.5352084437042789
234,20760723,test_joint_ood,4,ridge_fno_aug,3,0.6696353753407797,0.668074349562327,0.2331157874770112,0.79135529200236,0.7802624901135763,1.4017473568290235
234,20760723,test_joint_ood,6,ridge_fno_aug,3,0.5581033825874329,0.5600174864133199,-0.3429658170157725,0.6695864001909891,0.6377428968747457,4.755697443543207
234,20760723,test_joint_ood,8,ridge_fno_aug,3,0.4892439047495524,0.4914533297220866,-0.45159989753182206,0.6275625824928284,0.618837038675944,1.390386243585548
235,20760724,test_joint_ood,4,ridge_fno_aug,3,0.6173076828320821,0.6133581399917603,0.6398013422084426,0.7335972984631857,0.7112833062807719,3.041722240407512
235,20760724,test_joint_ood,6,ridge_fno_aug,3,0.47803714871406555,0.48053860664367676,-0.5232768909979008,0.545346736907959,0.5557228922843933,-1.9026712134094126
235,20760724,test_joint_ood,8,ridge_fno_aug,3,0.40896177291870117,0.4098678131898244,-0.22154644544274585,0.5211833318074545,0.5191314319769541,0.39370020207293854
236,20760725,test_joint_ood,4,ridge_fno_aug,3,0.6974496444066366,0.6959075927734375,0.2210986335090615,0.7202167510986328,0.7251167496045431,-0.6803505331456006
236,20760725,test_joint_ood,6,ridge_fno_aug,3,0.5868467688560486,0.5858498215675354,0.16988204441422636,0.6320986946423849,0.6128249168395996,3.0491722204329315
236,20760725,test_joint_ood,8,ridge_fno_aug,3,0.5207743644714355,0.5225798288981119,-0.3466884220588316,0.5721170902252197,0.5654916365941366,1.1580590309692331
237,20760726,test_joint_ood,4,ridge_fno_aug,3,0.6127701997756958,0.6097027460734049,0.5005879371106369,0.702786922454834,0.6964514056841532,0.9014847271975145
237,20760726,test_joint_ood,6,ridge_fno_aug,3,0.5110291441281637,0.5150214036305746,-0.7812195347907275,0.5997461080551147,0.5901410579681396,1.6015193692722403
237,20760726,test_joint_ood,8,ridge_fno_aug,3,0.45037675897280377,0.45297955473264057,-0.5779152027665326,0.5577864845593771,0.5651171406110128,-1.3142405301221032
238,20760727,test_joint_ood,4,ridge_fno_aug,3,0.6506096323331197,0.6454068620999655,0.799676176709665,0.7770681778589884,0.7600380182266235,2.1915914352927413
238,20760727,test_joint_ood,6,ridge_fno_aug,3,0.49933676918347675,0.49968982736269635,-0.07070542387579828,0.5357771118481954,0.5269969701766968,1.6387675914700124
238,20760727,test_joint_ood,8,ridge_fno_aug,3,0.4128459692001343,0.41654370228449505,-0.8956689322935547,0.47552286585172016,0.4866795341173808,-2.346189650765628
239,20760728,test_joint_ood,4,ridge_fno_aug,3,0.6267390251159668,0.6245158712069193,0.35471764481756657,0.7927101055781046,0.7730331818262736,2.4822345033000834
239,20760728,test_joint_ood,6,ridge_fno_aug,3,0.48311474919319153,0.48640215396881104,-0.6804604457021266,0.618256151676178,0.6175617376963297,0.11231816747225036
239,20760728,test_joint_ood,8,ridge_fno_aug,3,0.42184828718503314,0.4220782319704692,-0.05450888208410027,0.6038418213526408,0.589811364809672,2.3235317672294507
240,20760729,test_joint_ood,4,ridge_fno_aug,3,0.6076204180717468,0.6021550496419271,0.8994708319965261,0.732820471127828,0.7162924408912659,2.2553996357528807
240,20760729,test_joint_ood,6,ridge_fno_aug,3,0.46573633948961896,0.46892539660135907,-0.6847344390665371,0.5464268724123637,0.5417369405428568,0.8582908539605961
240,20760729,test_joint_ood,8,ridge_fno_aug,3,0.40654786427815753,0.4085351725419362,-0.4888251638715028,0.5034399827321371,0.5164211591084799,-2.5784953165358386
241,20760730,test_joint_ood,4,ridge_fno_aug,3,0.6546109716097513,0.6491237282752991,0.8382449382035613,0.7620364228884379,0.7293892304102579,4.284203680762467
241,20760730,test_joint_ood,6,ridge_fno_aug,3,0.513130267461141,0.5132567882537842,-0.024656661410550475,0.5060327549775442,0.5219200650850931,-3.1395813712143164
241,20760730,test_joint_ood,8,ridge_fno_aug,3,0.4447433352470398,0.44535719354947406,-0.13802529544190006,0.5401266614596049,0.5267709096272787,2.4727073824146535
242,20760731,test_joint_ood,4,ridge_fno_aug,3,0.7190834482510885,0.7154568831125895,0.5043316109297588,0.7625083327293396,0.7571021517117819,0.7089995984961431
242,20760731,test_joint_ood,6,ridge_fno_aug,3,0.6029541492462158,0.6008991599082947,0.34082016692094796,0.559135893980662,0.5677024920781454,-1.5321137830161107
242,20760731,test_joint_ood,8,ridge_fno_aug,3,0.5246057113011678,0.5299088954925537,-1.010889526578426,0.5743681987126669,0.588986357053121,-2.5450849077634126
243,20760732,test_joint_ood,4,ridge_fno_aug,3,0.5815387964248657,0.5800445477167765,0.25694738120188615,0.6654906670252482,0.6547986268997192,1.606640131154119
243,20760732,test_joint_ood,6,ridge_fno_aug,3,0.45361783107121784,0.4573773145675659,-0.8287777152546626,0.561030924320221,0.5520451664924622,1.6016510745161616
243,20760732,test_joint_ood,8,ridge_fno_aug,3,0.39256682991981506,0.39366846283276874,-0.28062302491932073,0.5305538872877756,0.5129187901814779,3.323903099912472
244,20760733,test_joint_ood,4,ridge_fno_aug,3,0.6255797942479452,0.6199352741241455,0.9022861952528922,0.7459386984507242,0.7176342407862345,3.794475031693447
244,20760733,test_joint_ood,6,ridge_fno_aug,3,0.4702799618244171,0.47568902373313904,-1.1501791162282053,0.49394415815671283,0.5264039436976115,-6.571549638721397
244,20760733,test_joint_ood,8,ridge_fno_aug,3,0.40439393122990924,0.4031686782836914,0.30298499843663973,0.506873885790507,0.49510905146598816,2.3210574966093334
245,20760734,test_joint_ood,4,ridge_fno_aug,3,0.6473608613014221,0.6454524000485738,0.29480640040682204,0.7678279280662537,0.7557791670163473,1.5692006775834586
245,20760734,test_joint_ood,6,ridge_fno_aug,3,0.5118103424708048,0.5129303137461344,-0.21882544809873358,0.574390172958374,0.5560319224993387,3.196128924777711
245,20760734,test_joint_ood,8,ridge_fno_aug,3,0.451667199532191,0.4520612061023712,-0.08723382406060348,0.5618710120519003,0.5591580271720886,0.4828483444802121
246,20760735,test_joint_ood,4,ridge_fno_aug,3,0.6161741614341736,0.6139145890871683,0.36671001291945127,0.795902152856191,0.766769548257192,3.660324889738839
246,20760735,test_joint_ood,6,ridge_fno_aug,3,0.4621459444363912,0.46760027607282,-1.180218435773324,0.636507252852122,0.6585541764895121,-3.463734865324088
246,20760735,test_joint_ood,8,ridge_fno_aug,3,0.39838604132334393,0.3946360945701599,0.9412846747135449,0.5815099080403646,0.5672581195831299,2.450824699657734
247,20760736,test_joint_ood,4,ridge_fno_aug,3,0.7026617924372355,0.7026656071345011,-0.0005428923710776995,0.7978806296984354,0.7834403117497762,1.8098343801251209
247,20760736,test_joint_ood,6,ridge_fno_aug,3,0.575644870599111,0.5802092353502909,-0.7929133019845342,0.6477406819661459,0.6576568881670634,-1.5308913701085782
247,20760736,test_joint_ood,8,ridge_fno_aug,3,0.5082155068715414,0.5116003553072611,-0.6660262014729593,0.6297909418741862,0.6193669239679972,1.6551552607523574
248,20760737,test_joint_ood,4,ridge_fno_aug,3,0.6356193025906881,0.6324267983436584,0.502266723809751,0.8180815180142721,0.8008449872334799,2.106945383952613
248,20760737,test_joint_ood,6,ridge_fno_aug,3,0.5052504738171896,0.5087026953697205,-0.6832693349978218,0.6926697889963785,0.6719013849894205,2.998312375803156
248,20760737,test_joint_ood,8,ridge_fno_aug,3,0.4499254624048869,0.45020321011543274,-0.061731938677273036,0.6724487145741781,0.6559838453928629,2.4484944092304377
249,20760738,test_joint_ood,4,ridge_fno_aug,3,0.6495219667752584,0.6478734612464905,0.2538028909091235,0.7567997574806213,0.7502149343490601,0.8700879019138943
249,20760738,test_joint_ood,6,ridge_fno_aug,3,0.5301174918810526,0.5310077667236328,-0.1679391561707374,0.5512870947519938,0.5222873091697693,5.260378096682628
249,20760738,test_joint_ood,8,ridge_fno_aug,3,0.46638694405555725,0.46771305799484253,-0.28433770631548055,0.5076704025268555,0.505111833413442,0.5039823280367559
250,20760739,test_joint_ood,4,ridge_fno_aug,3,0.6422682007153829,0.6381632685661316,0.6391305290644496,0.7596112887064616,0.7323406140009562,3.5900828635536173
250,20760739,test_joint_ood,6,ridge_fno_aug,3,0.4793513814608256,0.4824572702248891,-0.6479357073284717,0.469756285349528,0.46143607298533124,1.7711763788297816
250,20760739,test_joint_ood,8,ridge_fno_aug,3,0.412660410006841,0.41644734144210815,-0.9176871207962968,0.4609635571638743,0.46131698290507,-0.07667108076165505
251,20760740,test_joint_ood,4,ridge_fno_aug,3,0.7097565134366354,0.7086780468622843,0.1519488097583805,0.803846557935079,0.805361251036326,-0.1884306260060548
251,20760740,test_joint_ood,6,ridge_fno_aug,3,0.5954490900039673,0.595479150613149,-0.005048392832627932,0.7349205215771993,0.7378150026003519,-0.39384953041410037
251,20760740,test_joint_ood,8,ridge_fno_aug,3,0.5373315612475077,0.5410042206446329,-0.6834996605432404,0.7219721873601278,0.732389231522878,-1.4428594820010259
252,20760741,test_joint_ood,4,ridge_fno_aug,3,0.6338059107462565,0.6285000046094259,0.8371499929015992,0.7564732631047567,0.7422747611999512,1.876933739404423
252,20760741,test_joint_ood,6,ridge_fno_aug,3,0.4776847759882609,0.4811305304368337,-0.7213448327794779,0.5662732521692911,0.5570571223894755,1.6275057570694114
252,20760741,test_joint_ood,8,ridge_fno_aug,3,0.41933174928029376,0.42212872703870136,-0.6670083443959165,0.5387778679529825,0.5447170933087667,-1.1023513973093353
253,20760742,test_joint_ood,4,ridge_fno_aug,3,0.6398505369822184,0.6373474399248759,0.39120027454289363,0.7951207756996155,0.7786890268325806,2.0665726980352366
253,20760742,test_joint_ood,6,ridge_fno_aug,3,0.5142786701520284,0.5167831579844157,-0.4869904154574369,0.6616364121437073,0.6546217799186707,1.0601944053076757
253,20760742,test_joint_ood,8,ridge_fno_aug,3,0.4615154167016347,0.46153607964515686,-0.004477194644933724,0.6045984625816345,0.6016934712727865,0.480482748242348
254,20760743,test_joint_ood,4,ridge_fno_aug,3,0.5988924702008566,0.5958685278892517,0.5049224129643233,0.6892625292142233,0.6773240566253662,1.73206464631842
254,20760743,test_joint_ood,6,ridge_fno_aug,3,0.4487207233905792,0.45175760984420776,-0.6767876532812549,0.4987647732098897,0.4674920439720154,6.270035679655241
254,20760743,test_joint_ood,8,ridge_fno_aug,3,0.3818320532639821,0.3827636142571767,-0.2439713966464988,0.4518153468767802,0.43015846610069275,4.7933034868658035
255,20760744,test_joint_ood,4,ridge_fno_aug,3,0.6767237186431885,0.6724438865979513,0.6324341717786695,0.7604302167892456,0.7543675899505615,0.7972627474318759
255,20760744,test_joint_ood,6,ridge_fno_aug,3,0.5588065584500631,0.558919092019399,-0.02013819767038266,0.5588891704877218,0.5485620697339376,1.8477904563356677
255,20760744,test_joint_ood,8,ridge_fno_aug,3,0.48011425137519836,0.48457929491996765,-0.9299960440604912,0.5115461349487305,0.5298563838005066,-3.579393450714952
