stratum,rig,K,method,hidden_action_relative_l2,gradient_cosine_median,gradient_relative_l2_median,query_count,dot_defect_max
in_class,0,4,nominal,0.10447193970681282,0.9683405673292544,0.2543014186754088,4,
in_class,0,4,secant,0.10172865895988754,0.9699323262866146,0.2495956101217873,4,
in_class,0,4,channel_gate,0.0004916476737712849,0.999999180238132,0.0013293480894918672,4,
in_class,0,4,gate_plus_secant,0.000634510419556196,0.9999986997499124,0.0016406360191106328,4,3.3259713271685956e-15
in_class,0,8,nominal,0.10447193970681282,0.9739776030721108,0.23478869993849766,8,
in_class,0,8,secant,0.09859582770394827,0.9793261469916656,0.20515238763724924,8,
in_class,0,8,channel_gate,0.0004893125106168631,0.9999993367265703,0.0011553644361262682,8,
in_class,0,8,gate_plus_secant,0.0008979394994537913,0.9999981640525798,0.0019300409344485175,8,7.280341191742665e-14
in_class,0,16,nominal,0.10447193970681282,0.9764820298141288,0.22288330047929605,16,
in_class,0,16,secant,0.09254620435080378,0.9817647187892673,0.19865740354858835,16,
in_class,0,16,channel_gate,0.00024047926620666946,0.9999998638255565,0.0005264448780879635,16,
in_class,0,16,gate_plus_secant,0.0011461334262921213,0.9999966497547745,0.0027508700354640704,16,1.098847022571557e-14
in_class,0,32,nominal,0.10447193970681282,0.9729596849040802,0.23675436368888403,32,
in_class,0,32,secant,0.07655518499498146,0.9850715756075072,0.17474359588684746,32,
in_class,0,32,channel_gate,0.00020356644808841947,0.9999998943674391,0.0004728631710357358,32,
in_class,0,32,gate_plus_secant,0.002104359791117958,0.999990014774446,0.004602622491457771,32,9.432267802854996e-15
in_class,1,4,nominal,0.09947747336907113,0.9725833399129196,0.23936228755296146,4,
in_class,1,4,secant,0.09544174439501689,0.9766572386797218,0.21782291333289353,4,
in_class,1,4,channel_gate,0.0006761159003699453,0.9999987589410297,0.0016049464516421446,4,
in_class,1,4,gate_plus_secant,0.000833932811183504,0.9999981719904414,0.001971228276085057,4,3.4080713802970234e-14
in_class,1,8,nominal,0.09947747336907113,0.974285573463403,0.22961273617899097,8,
in_class,1,8,secant,0.09223373373137005,0.9787375474068822,0.20669455004387594,8,
in_class,1,8,channel_gate,0.00038260666466117697,0.9999995622836806,0.0009527104638462748,8,
in_class,1,8,gate_plus_secant,0.0007589212007930736,0.9999981392507218,0.001998208288625058,8,3.994813170947802e-14
in_class,1,16,nominal,0.09947747336907113,0.9721616510795883,0.2365108542221082,16,
in_class,1,16,secant,0.08589257651641326,0.9807910905536238,0.19692581496702866,16,
in_class,1,16,channel_gate,0.00027206422649251076,0.9999998041446113,0.0006278742170737845,16,
in_class,1,16,gate_plus_secant,0.001175682335496658,0.9999966915100829,0.0026156477144664734,16,2.74176601027142e-15
in_class,1,32,nominal,0.09947747336907113,0.9771449601392881,0.2225705883702499,32,
in_class,1,32,secant,0.06981706483006012,0.9903728985352951,0.14309028411268304,32,
in_class,1,32,channel_gate,0.0001636297016591104,0.9999999320948783,0.0003709631728269686,32,
in_class,1,32,gate_plus_secant,0.001980830090679606,0.999989974648352,0.004613128619510236,32,8.287976449092755e-16
in_class,2,4,nominal,0.10012248181613957,0.9789499621873895,0.2079153840975812,4,
in_class,2,4,secant,0.09690043921906115,0.9793668760104672,0.20287507118853976,4,
in_class,2,4,channel_gate,0.0004978822668397291,0.9999994118588262,0.001118392931127582,4,
in_class,2,4,gate_plus_secant,0.0006471676979019883,0.9999991840071988,0.0012948322782677713,4,8.099261585754804e-15
in_class,2,8,nominal,0.10012248181613957,0.9743400619768875,0.23232890070309922,8,
in_class,2,8,secant,0.09376614412393312,0.9780647010489292,0.21532096220454883,8,
in_class,2,8,channel_gate,0.0003593865087668512,0.9999996577035009,0.0008681750120524879,8,
in_class,2,8,gate_plus_secant,0.0008425296428546971,0.9999983087156112,0.0018533705064580166,8,3.070930285458514e-14
in_class,2,16,nominal,0.10012248181613957,0.9747107836622456,0.22458978874699853,16,
in_class,2,16,secant,0.08736143846692637,0.9837831218081574,0.17940930813407452,16,
in_class,2,16,channel_gate,0.000265971320485705,0.999999829565736,0.0005848845453243064,16,
in_class,2,16,gate_plus_secant,0.001245344404620929,0.9999966270280933,0.0026471889503708185,16,3.1638988245713036e-15
in_class,2,32,nominal,0.10012248181613957,0.9707365008490612,0.24015761282867407,32,
in_class,2,32,secant,0.07090515921544985,0.986702256315017,0.16541907632599323,32,
in_class,2,32,channel_gate,0.00016300931956050985,0.9999999245108663,0.00039181635681040904,32,
in_class,2,32,gate_plus_secant,0.001979598103482381,0.9999907246208892,0.004397805648814293,32,8.983985799903078e-15
in_class,3,4,nominal,0.10548008279811034,0.9689711718280944,0.25212670676185833,4,
in_class,3,4,secant,0.10187885273074929,0.9730100539263239,0.23789531833549854,4,
in_class,3,4,channel_gate,0.0005480909609407611,0.9999991806062989,0.001305909947438255,4,
in_class,3,4,gate_plus_secant,0.000776182333447872,0.9999984124102206,0.0018089270564578801,4,7.613656275573905e-15
in_class,3,8,nominal,0.10548008279811034,0.9710151205351244,0.2460540235556851,8,
in_class,3,8,secant,0.09702101370778454,0.9756527990178955,0.22090067591701903,8,
in_class,3,8,channel_gate,0.0003126488670498982,0.999999728634018,0.0007530735470572076,8,
in_class,3,8,gate_plus_secant,0.0008505434009954539,0.9999984948971536,0.0017839921488634755,8,1.9871906676721686e-15
in_class,3,16,nominal,0.10548008279811034,0.9746220777935022,0.23686515676656372,16,
in_class,3,16,secant,0.08898466693815231,0.9830937896262497,0.19361023026954743,16,
in_class,3,16,channel_gate,0.0002950078120677834,0.9999997930421165,0.000655563834783549,16,
in_class,3,16,gate_plus_secant,0.0011867034817035307,0.9999958337665514,0.002920294623369668,16,1.251230253711626e-14
in_class,3,32,nominal,0.10548008279811034,0.9714216652456422,0.24105077188644358,32,
in_class,3,32,secant,0.074638325785359,0.98604531301604,0.16708803306070563,32,
in_class,3,32,channel_gate,0.00015695341899444354,0.9999999379934701,0.00035324034226495845,32,
in_class,3,32,gate_plus_secant,0.0018839983388194777,0.9999903026806192,0.004445797242619944,32,3.370566343014881e-14
in_class,4,4,nominal,0.09915102976020165,0.9726943599796585,0.24350654421404436,4,
in_class,4,4,secant,0.09605593165745248,0.9753755885890834,0.22660945600315086,4,
in_class,4,4,channel_gate,0.0005832285500432366,0.9999991418027339,0.0013117327115639969,4,
in_class,4,4,gate_plus_secant,0.0007612055392796889,0.9999986122738755,0.0016957807789580014,4,1.2337917231147807e-14
in_class,4,8,nominal,0.09915102976020165,0.9776192404149986,0.22791976667378466,8,
in_class,4,8,secant,0.0934146403871244,0.978911746933212,0.21181213240605434,8,
in_class,4,8,channel_gate,0.0003358482287179891,0.999999737954657,0.0007277456391477318,8,
in_class,4,8,gate_plus_secant,0.0008023906596734158,0.9999987380152326,0.0016232981023015195,8,4.3724528918917097e-14
in_class,4,16,nominal,0.09915102976020165,0.976552007142286,0.2288359476950279,16,
in_class,4,16,secant,0.0869687367513364,0.9816831054707251,0.19242175996575483,16,
in_class,4,16,channel_gate,0.0002985373670914741,0.9999997505665841,0.0007134425658048793,16,
in_class,4,16,gate_plus_secant,0.0011943706427585841,0.9999967866319053,0.0025824709989434075,16,7.137493470229884e-15
in_class,4,32,nominal,0.09915102976020165,0.9709839503310707,0.2396197130848313,32,
in_class,4,32,secant,0.06924076976022245,0.9874027324500441,0.16174050769444198,32,
in_class,4,32,channel_gate,0.00015158061815597618,0.9999999370312846,0.0003569670565731853,32,
in_class,4,32,gate_plus_secant,0.002037597134366512,0.9999873988008945,0.005059050595983007,32,7.0722687199961924e-15
in_class,5,4,nominal,0.10082523216287671,0.9728842132354556,0.24182282290288765,4,
in_class,5,4,secant,0.09719994139809092,0.9735995037519327,0.2389281068682176,4,
in_class,5,4,channel_gate,0.000580542771797526,0.9999992037117373,0.001272499643305826,4,
in_class,5,4,gate_plus_secant,0.0007685912586900013,0.999998689773351,0.0016253844609374012,4,4.5438073431767275e-15
in_class,5,8,nominal,0.10082523216287671,0.9747486064078668,0.2251928804062993,8,
in_class,5,8,secant,0.09467073325982817,0.978012053726638,0.21063577476959422,8,
in_class,5,8,channel_gate,0.0004261357330586647,0.9999995431188238,0.0009610362731178885,8,
in_class,5,8,gate_plus_secant,0.0009133881409228272,0.9999981606357042,0.0019293967072071842,8,1.3682819868168582e-14
in_class,5,16,nominal,0.10082523216287671,0.9699138694563114,0.24485640196277986,16,
in_class,5,16,secant,0.08881687973762471,0.9778480602941078,0.21289887555684023,16,
in_class,5,16,channel_gate,0.00029887570173901774,0.9999997474180249,0.0007263017288315873,16,
in_class,5,16,gate_plus_secant,0.0011137313069320709,0.9999968892075128,0.0025015880302438546,16,1.0704937686432949e-13
in_class,5,32,nominal,0.10082523216287671,0.9702852275334832,0.24739201326876398,32,
in_class,5,32,secant,0.0714873832371097,0.9873833774258903,0.16322834432632932,32,
in_class,5,32,channel_gate,0.00021299799509524493,0.9999998800832205,0.0004930467421126196,32,
in_class,5,32,gate_plus_secant,0.0020609938970396233,0.9999887115778869,0.004794172516789116,32,1.898764623805298e-13
in_class,6,4,nominal,0.11137985671853605,0.9656738678915477,0.2780678745609601,4,
in_class,6,4,secant,0.10788983611866194,0.9675144348815697,0.273166791836142,4,
in_class,6,4,channel_gate,0.0004597027626377693,0.9999994422760867,0.00106490372527833,4,
in_class,6,4,gate_plus_secant,0.0006752581213462028,0.9999990075935997,0.001420731141535432,4,4.2844754889852154e-15
in_class,6,8,nominal,0.11137985671853605,0.9684290642467773,0.25789366250953905,8,
in_class,6,8,secant,0.10393325178407584,0.9716283475393015,0.24023227939314945,8,
in_class,6,8,channel_gate,0.00036184283544107946,0.9999996851849584,0.0008066750975643158,8,
in_class,6,8,gate_plus_secant,0.0007760723794758196,0.9999987253116975,0.0016569026275681045,8,6.914217319054153e-15
in_class,6,16,nominal,0.11137985671853605,0.9690989629787455,0.25356820996993557,16,
in_class,6,16,secant,0.09501127924748413,0.9783012363066017,0.21725640242643945,16,
in_class,6,16,channel_gate,0.0001951747699838943,0.9999999083832329,0.0004303591908043448,16,
in_class,6,16,gate_plus_secant,0.001125962712069311,0.9999972524895205,0.002396073502279365,16,1.3784878779503408e-14
in_class,6,32,nominal,0.11137985671853605,0.9590925058672484,0.29271767524827935,32,
in_class,6,32,secant,0.07600701784697285,0.9807517307526841,0.19862423489335318,32,
in_class,6,32,channel_gate,0.00016817707834557518,0.9999999113171907,0.00043156660863365496,32,
in_class,6,32,gate_plus_secant,0.002004670735929577,0.9999872759932324,0.005248123817249749,32,8.371717982470388e-16
in_class,7,4,nominal,0.10783733236171787,0.9780655429825285,0.2199405935056783,4,
in_class,7,4,secant,0.10318989106410717,0.9793838608444358,0.21126285449017282,4,
in_class,7,4,channel_gate,0.0004907277919270984,0.9999995469947376,0.0009564421493864375,4,
in_class,7,4,gate_plus_secant,0.0007083656705259906,0.9999991522098897,0.0013070310487071602,4,1.2708098597773044e-15
in_class,7,8,nominal,0.10783733236171787,0.9683014918932522,0.25450399175240773,8,
in_class,7,8,secant,0.0989320434566391,0.9744853142589885,0.22715349857544698,8,
in_class,7,8,channel_gate,0.0003982634998918351,0.9999995756138838,0.000932218252437761,8,
in_class,7,8,gate_plus_secant,0.000884958988659207,0.9999982945639616,0.0019199788644230264,8,3.810647558863774e-15
in_class,7,16,nominal,0.10783733236171787,0.9731605043186234,0.23019880294921485,16,
in_class,7,16,secant,0.09093943168712482,0.9812292575848229,0.21011776179342986,16,
in_class,7,16,channel_gate,0.0002630248086180756,0.9999998434366364,0.0005598813560360343,16,
in_class,7,16,gate_plus_secant,0.0012473631369780277,0.9999961337971064,0.0027854745471185905,16,6.040261799890758e-14
in_class,7,32,nominal,0.10783733236171787,0.9722923330131388,0.24175127982586767,32,
in_class,7,32,secant,0.07465157881597262,0.9850979918802517,0.18168608423984192,32,
in_class,7,32,channel_gate,0.00020242400895604563,0.9999999044703305,0.0004395607669679725,32,
in_class,7,32,gate_plus_secant,0.001960220328103714,0.9999895498426327,0.00466064207158561,32,1.747555859043322e-14
in_class,8,4,nominal,0.10093117116667145,0.9685656302906613,0.25735637685629464,4,
in_class,8,4,secant,0.0989602140439803,0.9695981133398897,0.24988247387824325,4,
in_class,8,4,channel_gate,0.0005683643244941273,0.999998950928346,0.0014769525710122584,4,
in_class,8,4,gate_plus_secant,0.0007082675795453205,0.9999982595482395,0.0018955845077555252,4,2.7243461924354033e-14
in_class,8,8,nominal,0.10093117116667145,0.9722392287433348,0.24060865419711996,8,
in_class,8,8,secant,0.09560171727717809,0.9773007122101935,0.2179231955350355,8,
in_class,8,8,channel_gate,0.000412574823378634,0.9999994897458094,0.001011913813754126,8,
in_class,8,8,gate_plus_secant,0.0008730639165895262,0.9999976970052056,0.0022166073791733704,8,9.80757406738891e-15
in_class,8,16,nominal,0.10093117116667145,0.972372137306639,0.24228859024205612,16,
in_class,8,16,secant,0.08926439625896744,0.9798052436570897,0.20592903353672165,16,
in_class,8,16,channel_gate,0.0002769494672741976,0.9999997987238936,0.0006391650045283195,16,
in_class,8,16,gate_plus_secant,0.0011072832695380984,0.9999976855697464,0.002183847465617471,16,1.3496504497355919e-14
in_class,8,32,nominal,0.10093117116667145,0.9729541168675746,0.2379454004550805,32,
in_class,8,32,secant,0.07177284092322629,0.9860075066908847,0.17496145936963303,32,
in_class,8,32,channel_gate,0.00013825219303385293,0.999999946007424,0.0003370000056208756,32,
in_class,8,32,gate_plus_secant,0.001935902357879422,0.9999901879084099,0.004492929865374075,32,5.415462027153748e-15
in_class,9,4,nominal,0.09739044197663942,0.9691689930179537,0.24996989706989564,4,
in_class,9,4,secant,0.09453647863657007,0.9717062400771275,0.240754652282114,4,
in_class,9,4,channel_gate,0.0004939047442317617,0.999999254466883,0.001224628298446721,4,
in_class,9,4,gate_plus_secant,0.0006697057673168368,0.9999987842068864,0.001571034898407802,4,2.866422669595998e-15
in_class,9,8,nominal,0.09739044197663942,0.976417977219725,0.22185310589186474,8,
in_class,9,8,secant,0.09243414225613758,0.9793646809479671,0.20534997759441476,8,
in_class,9,8,channel_gate,0.0004045274292246382,0.9999995784086471,0.0009512031864471776,8,
in_class,9,8,gate_plus_secant,0.0008188236862673266,0.9999983078072383,0.001884545355960308,8,1.1560186131786326e-14
in_class,9,16,nominal,0.09739044197663942,0.9753103347017336,0.230911612507066,16,
in_class,9,16,secant,0.08644210327545326,0.9811404482264747,0.198927395676218,16,
in_class,9,16,channel_gate,0.00018180925285236758,0.9999999196256322,0.00040480246050872697,16,
in_class,9,16,gate_plus_secant,0.0010739784594878871,0.9999976040785428,0.0022244696355345132,16,8.421717798571577e-15
in_class,9,32,nominal,0.09739044197663942,0.9733936737550175,0.23067866786049396,32,
in_class,9,32,secant,0.070069406200869,0.9857468963097479,0.1762829269158558,32,
in_class,9,32,channel_gate,0.0002086766333553845,0.9999998829834871,0.0004902939361041172,32,
in_class,9,32,gate_plus_secant,0.0019342218429145924,0.9999896739613121,0.0046895365285346945,32,2.1151709852752366e-15
in_class,10,4,nominal,0.10830422553200485,0.9647542343601765,0.2730601882883369,4,
in_class,10,4,secant,0.10433321010960053,0.9692240064120557,0.25714957229349295,4,
in_class,10,4,channel_gate,0.00046971306328248295,0.999999307131592,0.0011895533865484177,4,
in_class,10,4,gate_plus_secant,0.0006768428003024985,0.9999988353655599,0.0015543861807300013,4,1.1946887658831876e-14
in_class,10,8,nominal,0.10830422553200485,0.9633464599866141,0.2731735637639932,8,
in_class,10,8,secant,0.10193162519078941,0.9652643323157359,0.26354524027084636,8,
in_class,10,8,channel_gate,0.00042121816392699107,0.9999994471745355,0.0010712533947293357,8,
in_class,10,8,gate_plus_secant,0.0007893942255363367,0.9999978448523249,0.00208812712862379,8,7.880979934892426e-15
in_class,10,16,nominal,0.10830422553200485,0.9638696853236026,0.2676109174624899,16,
in_class,10,16,secant,0.09478785524645658,0.9752318633760665,0.22726039989862404,16,
in_class,10,16,channel_gate,0.0002405509172366768,0.9999998511435182,0.0005542799272012324,16,
in_class,10,16,gate_plus_secant,0.0011377429263100505,0.9999966083095195,0.002643221314861265,16,4.938724986797069e-15
in_class,10,32,nominal,0.10830422553200485,0.9675880401874649,0.25854923182018913,32,
in_class,10,32,secant,0.07818894803973192,0.9858497333057403,0.16804838037200776,32,
in_class,10,32,channel_gate,0.00014605613390654252,0.9999999480425401,0.00032682425354717786,32,
in_class,10,32,gate_plus_secant,0.001903584550614658,0.999990403888264,0.004506863150303693,32,2.727403877984848e-15
in_class,11,4,nominal,0.09990353807546469,0.9727274821756668,0.23766235190999832,4,
in_class,11,4,secant,0.0977957481372417,0.975779303726064,0.23065808919648872,4,
in_class,11,4,channel_gate,0.0005536921856245757,0.9999992261411856,0.001252429639645121,4,
in_class,11,4,gate_plus_secant,0.0007617964219417088,0.9999986835124082,0.0016500779675365572,4,1.8867769886331817e-14
in_class,11,8,nominal,0.09990353807546469,0.9764533228399186,0.21825895429059744,8,
in_class,11,8,secant,0.09497950697311595,0.9816823919600233,0.19537927635748883,8,
in_class,11,8,channel_gate,0.00036761400094668446,0.9999996810067577,0.0008062440512291158,8,
in_class,11,8,gate_plus_secant,0.0008271105332777993,0.999998289971198,0.001859590354738872,8,3.2372052673724054e-15
in_class,11,16,nominal,0.09990353807546469,0.975271771722188,0.23445263731061186,16,
in_class,11,16,secant,0.08835302517443158,0.9801689305352596,0.20907978297952984,16,
in_class,11,16,channel_gate,0.00026901179381044,0.9999998222738383,0.0006143257928582591,16,
in_class,11,16,gate_plus_secant,0.0012106743215501096,0.9999973078414623,0.0023761008762249796,16,6.442367792533716e-15
in_class,11,32,nominal,0.09990353807546469,0.9703893974180666,0.24868807168132273,32,
in_class,11,32,secant,0.07430934510749358,0.9871981693791956,0.16501300031260255,32,
in_class,11,32,channel_gate,0.0001624868159657339,0.9999999297026334,0.0003760071198043224,32,
in_class,11,32,gate_plus_secant,0.0019360740190566632,0.9999875528623494,0.005032677973884394,32,7.940199228594186e-14
out_of_class,0,4,nominal,0.1580293289933278,0.9292296722894061,0.38395075853049665,4,
out_of_class,0,4,secant,0.1519381767387176,0.9332640068606032,0.38015235944037334,4,
out_of_class,0,4,channel_gate,0.12244056892831301,0.9624567798302772,0.28853994712120296,4,
out_of_class,0,4,gate_plus_secant,0.11765233148212773,0.9605921910578915,0.2803886505720973,4,6.08041875783855e-15
out_of_class,0,8,nominal,0.1580293289933278,0.9530110593979584,0.32247009772408575,8,
out_of_class,0,8,secant,0.14728030605724632,0.9551450900982419,0.3101746046913912,8,
out_of_class,0,8,channel_gate,0.11980222443763759,0.9738383986083261,0.2320101883547191,8,
out_of_class,0,8,gate_plus_secant,0.11227627691152423,0.9790109149130262,0.2069328208348549,8,6.165621120308623e-14
out_of_class,0,16,nominal,0.1580293289933278,0.931010671078143,0.3981667847070888,16,
out_of_class,0,16,secant,0.13959982318709094,0.9521412763853996,0.3239951091217345,16,
out_of_class,0,16,channel_gate,0.11840774302142454,0.9590663722927337,0.2996923642245637,16,
out_of_class,0,16,gate_plus_secant,0.10642498302166652,0.9726321838556504,0.2344250140666636,16,6.693740568375055e-15
out_of_class,0,32,nominal,0.1580293289933278,0.9415252848368798,0.34450032870647374,32,
out_of_class,0,32,secant,0.10466669807380224,0.9709198553508256,0.24615870655452832,32,
out_of_class,0,32,channel_gate,0.11847398484035841,0.9681494967031896,0.2551128075744591,32,
out_of_class,0,32,gate_plus_secant,0.07478912630336026,0.9838841292375113,0.18197571005613736,32,4.624063643592451e-13
out_of_class,1,4,nominal,0.160792789386239,0.9160328526008672,0.40564817162054567,4,
out_of_class,1,4,secant,0.15523325949090325,0.9299811312118929,0.37573550503774905,4,
out_of_class,1,4,channel_gate,0.1284202516979219,0.9570111006286518,0.3006442286626323,4,
out_of_class,1,4,gate_plus_secant,0.1253616783655687,0.9602406765735146,0.28314000741134965,4,5.173861529760151e-15
out_of_class,1,8,nominal,0.160792789386239,0.9248440264117717,0.4200099280059234,8,
out_of_class,1,8,secant,0.1496155330981757,0.9380403492950431,0.3629478023052541,8,
out_of_class,1,8,channel_gate,0.12566683853851257,0.9594271403530967,0.29226783671411305,8,
out_of_class,1,8,gate_plus_secant,0.1178523884012,0.967434564187357,0.2581289674051772,8,1.4062459328956223e-14
out_of_class,1,16,nominal,0.160792789386239,0.9404840048121663,0.3562113695884501,16,
out_of_class,1,16,secant,0.1419027072091256,0.9487547337825921,0.3343681789717603,16,
out_of_class,1,16,channel_gate,0.1244110641169102,0.9675407372185921,0.2763227092403057,16,
out_of_class,1,16,gate_plus_secant,0.11158060808105315,0.9720661230214014,0.24158869403352434,16,1.595845978494619e-13
out_of_class,1,32,nominal,0.160792789386239,0.9361524358117741,0.3738559266329837,32,
out_of_class,1,32,secant,0.1150012459269908,0.9646061543376436,0.27683408977817675,32,
out_of_class,1,32,channel_gate,0.12436155948128559,0.9641671701028645,0.2746629919434776,32,
out_of_class,1,32,gate_plus_secant,0.0899003698502146,0.9794175877580984,0.2147098857440299,32,2.0101978699447707e-14
out_of_class,2,4,nominal,0.16717933147715508,0.9447627533935856,0.35239309707356453,4,
out_of_class,2,4,secant,0.16084418933421485,0.9491729159896045,0.33812826442799343,4,
out_of_class,2,4,channel_gate,0.1308126683837332,0.9718935996489901,0.24099075420370125,4,
out_of_class,2,4,gate_plus_secant,0.12567686363302122,0.9702566897453313,0.25649925353255115,4,4.417257361598523e-15
out_of_class,2,8,nominal,0.16717933147715508,0.9452710681231595,0.3442278348392093,8,
out_of_class,2,8,secant,0.15536179543993356,0.9434659817044464,0.3512411057291017,8,
out_of_class,2,8,channel_gate,0.13045930337811462,0.9663213530707204,0.267911603883329,8,
out_of_class,2,8,gate_plus_secant,0.1216082010613469,0.9686487631201591,0.2693625135986457,8,3.0148057091257884e-15
out_of_class,2,16,nominal,0.16717933147715508,0.9324149992038671,0.40564601702866565,16,
out_of_class,2,16,secant,0.1405688679007992,0.9519643145755294,0.33655309253804266,16,
out_of_class,2,16,channel_gate,0.12845823887083296,0.9620737135202189,0.2784851312530997,16,
out_of_class,2,16,gate_plus_secant,0.10706245152721258,0.9722164290172632,0.24528169130134733,16,3.658917841757452e-15
out_of_class,2,32,nominal,0.16717933147715508,0.9340275920823848,0.3846964025541628,32,
out_of_class,2,32,secant,0.11021830515515489,0.9622708243573338,0.28280537792365057,32,
out_of_class,2,32,channel_gate,0.1280224208440768,0.9717063444411036,0.25165189781374325,32,
out_of_class,2,32,gate_plus_secant,0.08418555683326026,0.9786318141675081,0.2135523064628353,32,1.6784000160772492e-14
out_of_class,3,4,nominal,0.15928981846276213,0.9535098779130075,0.3232289513838248,4,
out_of_class,3,4,secant,0.15277362399774166,0.9542969501970393,0.32117705234094807,4,
out_of_class,3,4,channel_gate,0.13387635860363856,0.9684462546602024,0.2637475910454665,4,
out_of_class,3,4,gate_plus_secant,0.1298403339634009,0.9673166986072759,0.2599023793786592,4,1.8192570762054475e-14
out_of_class,3,8,nominal,0.15928981846276213,0.9549939838400109,0.3002309499763588,8,
out_of_class,3,8,secant,0.14679289378920515,0.9604935630663294,0.2807896809476341,8,
out_of_class,3,8,channel_gate,0.1266400283204407,0.9753630671268072,0.22173414374156172,8,
out_of_class,3,8,gate_plus_secant,0.11671397603141223,0.9737009713291619,0.2387133355864766,8,3.611512732343906e-15
out_of_class,3,16,nominal,0.15928981846276213,0.9429582573880538,0.34315528846894433,16,
out_of_class,3,16,secant,0.13702430715747985,0.9568938753993216,0.2938114512158879,16,
out_of_class,3,16,channel_gate,0.12427162197208824,0.9703432768356192,0.24510096840700446,16,
out_of_class,3,16,gate_plus_secant,0.10561426602138692,0.9812441080875336,0.20100808951053079,16,7.0630696988397756e-15
out_of_class,3,32,nominal,0.15928981846276213,0.9545013935070434,0.318804898409179,32,
out_of_class,3,32,secant,0.1103950037356021,0.9721205786380709,0.2430183853839531,32,
out_of_class,3,32,channel_gate,0.12325998431841038,0.9740083787827256,0.23196113191485382,32,
out_of_class,3,32,gate_plus_secant,0.08348354855616631,0.9868366007465804,0.1626717597946154,32,5.264667432868932e-15
out_of_class,4,4,nominal,0.15228283359039776,0.9340961576160216,0.3781872804532645,4,
out_of_class,4,4,secant,0.14849962813946746,0.9374063870014155,0.35770853428033544,4,
out_of_class,4,4,channel_gate,0.11714425332769819,0.9623487463899391,0.27645961621679416,4,
out_of_class,4,4,gate_plus_secant,0.11460714851271647,0.9611344533970332,0.2775832565201603,4,1.225712386222483e-14
out_of_class,4,8,nominal,0.15228283359039776,0.9466116028710791,0.33480985564107213,8,
out_of_class,4,8,secant,0.1479973168209616,0.9517304849191421,0.3192681593519555,8,
out_of_class,4,8,channel_gate,0.11566266403484524,0.9698997763306367,0.24939892546931142,8,
out_of_class,4,8,gate_plus_secant,0.11418097774355006,0.9703474802034906,0.24355451746564244,8,8.38998662217447e-15
out_of_class,4,16,nominal,0.15228283359039776,0.9453278622783795,0.3421815163093888,16,
out_of_class,4,16,secant,0.13936844055351807,0.9518512268850852,0.30661660101465027,16,
out_of_class,4,16,channel_gate,0.11396853215562425,0.9670502698875834,0.26973395687803214,16,
out_of_class,4,16,gate_plus_secant,0.10724990994213149,0.9724944615285702,0.2390479335954892,16,1.5695270625208216e-13
out_of_class,4,32,nominal,0.15228283359039776,0.9430924857402003,0.35321685425827354,32,
out_of_class,4,32,secant,0.11643985517963108,0.965747642222298,0.27157599992937975,32,
out_of_class,4,32,channel_gate,0.1133794422683253,0.9658218802324281,0.2618372215246959,32,
out_of_class,4,32,gate_plus_secant,0.09132945111851175,0.9743822243073061,0.2262946613885623,32,1.2167145021454757e-14
out_of_class,5,4,nominal,0.14446452469523494,0.9403737430578789,0.35758984072801725,4,
out_of_class,5,4,secant,0.14082770612536233,0.9449118693295,0.34563828166480626,4,
out_of_class,5,4,channel_gate,0.11692175607842983,0.961980493074395,0.2911428800362393,4,
out_of_class,5,4,gate_plus_secant,0.11636472924551255,0.9630248738036018,0.2928425913157603,4,2.0620717996857776e-14
out_of_class,5,8,nominal,0.14446452469523494,0.9406071376262589,0.35510628340779027,8,
out_of_class,5,8,secant,0.13414931290420024,0.9472230001813244,0.33277548840552096,8,
out_of_class,5,8,channel_gate,0.11544893951023648,0.9634246776941167,0.2810934308787942,8,
out_of_class,5,8,gate_plus_secant,0.10929754707161433,0.9721027181160049,0.24208215864641847,8,1.1241972687634316e-14
out_of_class,5,16,nominal,0.14446452469523494,0.9332398911421566,0.3699427545862114,16,
out_of_class,5,16,secant,0.12227897965688517,0.9569184559781685,0.29423031564953994,16,
out_of_class,5,16,channel_gate,0.11470522166773042,0.9580082694487864,0.29741019551254044,16,
out_of_class,5,16,gate_plus_secant,0.09550214426994195,0.9747017750403675,0.22640112482127187,16,2.1681304704307793e-14
out_of_class,5,32,nominal,0.14446452469523494,0.9353067978580836,0.37241800407044845,32,
out_of_class,5,32,secant,0.09519289202137225,0.9660420516671233,0.2668696775733244,32,
out_of_class,5,32,channel_gate,0.11423489023050452,0.9567259990631461,0.3192792513992891,32,
out_of_class,5,32,gate_plus_secant,0.07199245381344992,0.9776427242672269,0.22275450975754768,32,4.301089887925167e-15
out_of_class,6,4,nominal,0.148066644388045,0.941755225279195,0.3571428438926163,4,
out_of_class,6,4,secant,0.1432800697412287,0.9456075584361353,0.36269061328454544,4,
out_of_class,6,4,channel_gate,0.12297121782689674,0.9644359704844159,0.27915057152665357,4,
out_of_class,6,4,gate_plus_secant,0.11910206276755382,0.9662445359650302,0.2806495076645604,4,1.7872432603661395e-14
out_of_class,6,8,nominal,0.148066644388045,0.9398457125293735,0.3557592523591448,8,
out_of_class,6,8,secant,0.13722020478450928,0.9389593041412297,0.3608576634591372,8,
out_of_class,6,8,channel_gate,0.12025684492708702,0.9576354387972073,0.2939064693680784,8,
out_of_class,6,8,gate_plus_secant,0.11084012394031914,0.9602477710123503,0.2962754385520751,8,2.1584276810814126e-15
out_of_class,6,16,nominal,0.148066644388045,0.9574688144392226,0.30135358936941953,16,
out_of_class,6,16,secant,0.12254632234852514,0.965080204277504,0.2749627477883476,16,
out_of_class,6,16,channel_gate,0.11859901560857482,0.9807086406699603,0.20308197718461646,16,
out_of_class,6,16,gate_plus_secant,0.0970797707857074,0.9810916452365709,0.19857167327396025,16,3.075424134481515e-15
out_of_class,6,32,nominal,0.148066644388045,0.9442663869760651,0.3360004962238838,32,
out_of_class,6,32,secant,0.10170424825910436,0.9727066163508318,0.23511366165779182,32,
out_of_class,6,32,channel_gate,0.11851989989873185,0.9680303522774262,0.2535307572970167,32,
out_of_class,6,32,gate_plus_secant,0.08136352044976213,0.9831783915217558,0.1877328400752291,32,6.213173443091375e-15
out_of_class,7,4,nominal,0.15736582441149147,0.9523037935768706,0.3230381416985028,4,
out_of_class,7,4,secant,0.15435633704614193,0.9530863804555556,0.3142830060903462,4,
out_of_class,7,4,channel_gate,0.12481901553032382,0.9670046345803671,0.2550101644727619,4,
out_of_class,7,4,gate_plus_secant,0.123537316648188,0.968281424261395,0.25039299862082354,4,1.0728564446677163e-14
out_of_class,7,8,nominal,0.15736582441149147,0.9430603444283983,0.34925993991872206,8,
out_of_class,7,8,secant,0.15007415478754516,0.9467786459561669,0.3259001006454644,8,
out_of_class,7,8,channel_gate,0.12354776146443358,0.9678095997320204,0.2680595111252761,8,
out_of_class,7,8,gate_plus_secant,0.11915052247896024,0.970089022986156,0.2453029767212378,8,8.069346521559815e-15
out_of_class,7,16,nominal,0.15736582441149147,0.949643498944851,0.3195247109129703,16,
out_of_class,7,16,secant,0.13947880770965748,0.958202684284452,0.2994804320818019,16,
out_of_class,7,16,channel_gate,0.12302431149582516,0.9734768572349752,0.24460214363265972,16,
out_of_class,7,16,gate_plus_secant,0.10992296240138519,0.9741038154836863,0.23666682636896907,16,2.531635109637481e-15
out_of_class,7,32,nominal,0.15736582441149147,0.9457284985971126,0.32892147943463435,32,
out_of_class,7,32,secant,0.11120776263763622,0.9711796002017832,0.25029764864651594,32,
out_of_class,7,32,channel_gate,0.1226750666118246,0.9745963532227555,0.23262377070823237,32,
out_of_class,7,32,gate_plus_secant,0.08565986516012554,0.9816322031101643,0.19922045682829723,32,1.6487082530331436e-14
out_of_class,8,4,nominal,0.147898456165426,0.9324730119164901,0.37140182958998025,4,
out_of_class,8,4,secant,0.14132151943082105,0.940628473927444,0.3410119513976349,4,
out_of_class,8,4,channel_gate,0.11711561770772211,0.9579412199620454,0.2902641363457319,4,
out_of_class,8,4,gate_plus_secant,0.11082084945646727,0.9588941132860028,0.2885478680745849,4,2.8927914632521447e-14
out_of_class,8,8,nominal,0.147898456165426,0.9352738332571083,0.36847896007969666,8,
out_of_class,8,8,secant,0.1376464111242401,0.9497647027297813,0.3339557857813671,8,
out_of_class,8,8,channel_gate,0.11303183059346278,0.9664676348042489,0.2626240446223121,8,
out_of_class,8,8,gate_plus_secant,0.10398966161150126,0.9702685881549061,0.24560917809988778,8,2.184220938566353e-14
out_of_class,8,16,nominal,0.147898456165426,0.9386111597422413,0.35855030446975134,16,
out_of_class,8,16,secant,0.12830597877984337,0.9570145432134544,0.3064296231104475,16,
out_of_class,8,16,channel_gate,0.11251313306072887,0.9664022862862546,0.25939624750352275,16,
out_of_class,8,16,gate_plus_secant,0.09715793789665962,0.9819500091381103,0.1971109901593291,16,4.68454086560684e-14
out_of_class,8,32,nominal,0.147898456165426,0.943116543164862,0.3372619621070003,32,
out_of_class,8,32,secant,0.10786018460399556,0.9631313377473308,0.27550967587428743,32,
out_of_class,8,32,channel_gate,0.1123556110114577,0.965192668613343,0.27501857925249285,32,
out_of_class,8,32,gate_plus_secant,0.08458860611887083,0.9771700402539154,0.21320653164825146,32,4.8301513364612634e-15
out_of_class,9,4,nominal,0.1493367694940191,0.9320721364515219,0.36572545259237044,4,
out_of_class,9,4,secant,0.14521093095341184,0.9359626956398904,0.35929151878556265,4,
out_of_class,9,4,channel_gate,0.11282793998137036,0.9605029977384085,0.28399110078369727,4,
out_of_class,9,4,gate_plus_secant,0.11113407515554306,0.9604763725368709,0.28236508638029595,4,9.698755247088637e-15
out_of_class,9,8,nominal,0.1493367694940191,0.9424260957450371,0.3448527518461245,8,
out_of_class,9,8,secant,0.14172865914077706,0.9503122038068124,0.33856617795553656,8,
out_of_class,9,8,channel_gate,0.11234296318331144,0.9668494181813353,0.27966701732377275,8,
out_of_class,9,8,gate_plus_secant,0.10934967315043906,0.9675882187233094,0.2691108549969828,8,2.504838875482391e-15
out_of_class,9,16,nominal,0.1493367694940191,0.9470284452438711,0.3418196073799134,16,
out_of_class,9,16,secant,0.12848670628427314,0.9555371976581427,0.3063537185637971,16,
out_of_class,9,16,channel_gate,0.1113606677302174,0.9685554317168446,0.25722462642702293,16,
out_of_class,9,16,gate_plus_secant,0.09802008348779463,0.9699750861034273,0.2553073312413164,16,9.309119740195307e-14
out_of_class,9,32,nominal,0.1493367694940191,0.9330359942383315,0.3741090773682344,32,
out_of_class,9,32,secant,0.10831609161076323,0.968689759132707,0.2583592229072642,32,
out_of_class,9,32,channel_gate,0.11110105753639776,0.9571776544485493,0.2967330026371635,32,
out_of_class,9,32,gate_plus_secant,0.08313331375588122,0.9839350012052543,0.18369544510192917,32,1.6643501890634782e-14
out_of_class,10,4,nominal,0.16274471718197359,0.9311210877702247,0.41063406558853743,4,
out_of_class,10,4,secant,0.15666451107001259,0.9351108754378908,0.4045650553761987,4,
out_of_class,10,4,channel_gate,0.12410801745043402,0.9532637520678526,0.32125973521974316,4,
out_of_class,10,4,gate_plus_secant,0.11956666599279481,0.9565204905804494,0.30409413493159615,4,8.021423423566299e-15
out_of_class,10,8,nominal,0.16274471718197359,0.9401662395955814,0.36771908280373433,8,
out_of_class,10,8,secant,0.14582433882917406,0.9455826435782095,0.3482976089261547,8,
out_of_class,10,8,channel_gate,0.12269433921467005,0.9678345487036755,0.25770415926139245,8,
out_of_class,10,8,gate_plus_secant,0.10974446139523641,0.9689960546300646,0.26283001684212237,8,7.97980189204557e-15
out_of_class,10,16,nominal,0.16274471718197359,0.9338302794347115,0.36411192167838713,16,
out_of_class,10,16,secant,0.1367700707523282,0.94918051905474,0.33204516021430386,16,
out_of_class,10,16,channel_gate,0.1219242082761746,0.9614367313533555,0.27728042722091883,16,
out_of_class,10,16,gate_plus_secant,0.10501808443979943,0.9700677716433076,0.2579426555117045,16,2.177945464252711e-15
out_of_class,10,32,nominal,0.16274471718197359,0.9304260900736558,0.38166453304651116,32,
out_of_class,10,32,secant,0.10922503042115028,0.9675007560464786,0.26110805654167446,32,
out_of_class,10,32,channel_gate,0.12146578894453082,0.9628290980609817,0.2818650656554598,32,
out_of_class,10,32,gate_plus_secant,0.0843471813960005,0.9804441265057442,0.20409746745556423,32,6.862309242702988e-14
out_of_class,11,4,nominal,0.1673227127400416,0.9362765738899976,0.3709786106235412,4,
out_of_class,11,4,secant,0.1623873248536992,0.9382503132140452,0.3676686758987739,4,
out_of_class,11,4,channel_gate,0.12623311075667448,0.9663598222697166,0.26726803219222783,4,
out_of_class,11,4,gate_plus_secant,0.12237184350354484,0.9629282665371839,0.28507273414577566,4,4.638165067017281e-15
out_of_class,11,8,nominal,0.1673227127400416,0.9304800366228709,0.37861718426434343,8,
out_of_class,11,8,secant,0.1519538951631743,0.9377298180404743,0.36696549838025283,8,
out_of_class,11,8,channel_gate,0.12329970087056785,0.967317504530684,0.2597374319235163,8,
out_of_class,11,8,gate_plus_secant,0.11101452325396362,0.9723052590555881,0.24293629078661116,8,2.1797132482575805e-15
out_of_class,11,16,nominal,0.1673227127400416,0.9388677263977442,0.34868750886857147,16,
out_of_class,11,16,secant,0.14084160700890572,0.9573267712047946,0.31255437349142995,16,
out_of_class,11,16,channel_gate,0.12325802155997591,0.9756826560476327,0.2274488894184246,16,
out_of_class,11,16,gate_plus_secant,0.10226737944505176,0.9821516735178621,0.19251795222810344,16,4.655955534342942e-15
out_of_class,11,32,nominal,0.1673227127400416,0.9381550286487457,0.3633080376208837,32,
out_of_class,11,32,secant,0.11434004488604199,0.9695225321123266,0.251588376520269,32,
out_of_class,11,32,channel_gate,0.12287235199555349,0.9668062651877152,0.2566503273990404,32,
out_of_class,11,32,gate_plus_secant,0.0813541100132815,0.987761867433056,0.15729781219207134,32,5.3251361444284895e-15
