rig_id,block_id,sample_index_in_block,family,true_aperture_radius,metadata_aperture_radius,per_scene_estimated_radius,shared_estimated_radius,rigcal_estimated_radius,profile_information,profile_retained_fraction,profile_approximate_standard_error,block_median_profile_fraction,block_identifiable,outer_improvement_percent,accepted,raw_rigcal_gain_percent,selected_gain_percent,fallback_relative_l2,candidate_relative_l2,selected_relative_l2,fallback_outer_rms,candidate_outer_rms,fallback_audit_rms,candidate_audit_rms,selected_audit_rms,selected_audit_change_percent,pinhole_relative_l2,pinhole_outer_rms,pinhole_audit_rms,metadata_nearest_relative_l2,metadata_nearest_outer_rms,metadata_nearest_audit_rms,per_scene_profile_relative_l2,per_scene_profile_outer_rms,per_scene_profile_audit_rms,rig_shared_sse_only_relative_l2,rig_shared_sse_only_outer_rms,rig_shared_sse_only_audit_rms,rig_shared_profile_relative_l2,rig_shared_profile_outer_rms,rig_shared_profile_audit_rms,rigcal_profile_relative_l2,rigcal_profile_outer_rms,rigcal_profile_audit_rms,oracle_nearest_bank_relative_l2,oracle_nearest_bank_outer_rms,oracle_nearest_bank_audit_rms,oracle_true_operator_relative_l2,oracle_true_operator_outer_rms,oracle_true_operator_audit_rms
development_rig_a,development_rig_a:radius=0.05500,0,expanding_kernel,0.055,0.073,0.12,0.04,0.04,1079.5799390352831,0.011131787364243148,0.030434950314154215,0.013539489924793854,True,7.852890367536513,True,6.945639477770482,6.945639477770482,0.7558435743683524,0.7033454046768326,0.7033454046768326,14.647779231271658,13.497505186961112,2.1391931505849913,2.1028549681425184,2.1028549681425184,-1.6986863683878064,0.7470115795668639,13.240815488626945,2.2514468679207074,0.7558435743683524,14.647779231271658,2.1391931505849913,0.8411638289143585,14.038696118015547,3.343201814259324,0.7033454046768326,13.497505186961112,2.1028549681425184,0.7033454046768326,13.497505186961112,2.1028549681425184,0.7033454046768326,13.497505186961112,2.1028549681425184,0.7033454046768326,13.497505186961112,2.1028549681425184,0.704645455185294,14.087376086899114,2.1515110419201986
development_rig_a,development_rig_a:radius=0.05500,1,expanding_kernel,0.055,0.073,0.0,0.04,0.04,383.9834609054352,0.011651319875455531,0.05103213531110802,0.013539489924793854,True,-3.9021334469705935,False,-7.573502263399639,0.0,0.8543522097902484,0.9190565937361177,0.8543522097902484,9.425850177470931,9.793659429907361,1.506849827153921,1.9296456064923289,1.506849827153921,0.0,0.956278286533541,9.872858657115893,2.030087124718079,0.8543522097902484,9.425850177470931,1.506849827153921,0.956278286533541,9.872858657115893,2.030087124718079,0.9190565937361177,9.793659429907361,1.9296456064923289,0.9190565937361177,9.793659429907361,1.9296456064923289,0.9190565937361177,9.793659429907361,1.9296456064923289,0.9190565937361177,9.793659429907361,1.9296456064923289,0.9020012773992616,9.774917243042347,1.8518394229415416
development_rig_a,development_rig_a:radius=0.05500,2,interacting_fronts,0.055,0.073,0.0,0.04,0.04,345.652999741961,0.017964886031191393,0.05378731122578183,0.013539489924793854,True,-0.6942533865798245,False,0.9512717384411424,0.0,0.5361787415587643,0.5310782247227864,0.5361787415587643,4.533081241444703,4.564552311479847,2.063513181104297,2.2829984500192646,2.063513181104297,0.0,0.5227660068307004,4.815434193604314,2.3966069582478315,0.5361787415587643,4.533081241444703,2.063513181104297,0.5227660068307004,4.815434193604314,2.3966069582478315,0.5310782247227864,4.564552311479847,2.2829984500192646,0.5310782247227864,4.564552311479847,2.2829984500192646,0.5310782247227864,4.564552311479847,2.2829984500192646,0.5310782247227864,4.564552311479847,2.2829984500192646,0.5189745242699232,4.412808603172608,2.180699341516185
development_rig_a,development_rig_a:radius=0.05500,3,interacting_fronts,0.055,0.073,0.0,0.04,0.04,621.2974387807558,0.011127914482844076,0.040119010995430235,0.013539489924793854,True,7.784508621163105,True,3.956860704874872,3.956860704874872,0.5286468507125784,0.5077290312091739,0.5077290312091739,7.987177765704127,7.365415223945266,2.2742479053684415,2.276016647911374,2.276016647911374,0.07777263590119222,0.5237959190041259,7.898289028067779,2.4754854374989517,0.5286468507125784,7.987177765704127,2.2742479053684415,0.5237959190041259,7.898289028067779,2.4754854374989517,0.5077290312091739,7.365415223945266,2.276016647911374,0.5077290312091739,7.365415223945266,2.276016647911374,0.5077290312091739,7.365415223945266,2.276016647911374,0.5077290312091739,7.365415223945266,2.276016647911374,0.5514036985172496,7.10447706508403,2.199009885752172
development_rig_a,development_rig_a:radius=0.05500,4,helical_plume,0.055,0.073,0.0,0.04,0.04,782.3962835917887,0.0072350607545787265,0.03575086964694145,0.013539489924793854,True,27.359326286544245,True,21.733695344466422,21.733695344466422,1.2489774219058063,0.9775284741076273,0.9775284741076273,18.175313239964396,13.20266998704106,3.3836050539574365,3.416998954294801,3.416998954294801,0.9869325705819956,0.9017550873503061,11.550072411509081,4.31365296522652,1.2489774219058063,18.175313239964396,3.3836050539574365,0.9017550873503061,11.550072411509081,4.31365296522652,0.9775284741076273,13.20266998704106,3.416998954294801,0.9775284741076273,13.20266998704106,3.416998954294801,0.9775284741076273,13.20266998704106,3.416998954294801,0.9775284741076273,13.20266998704106,3.416998954294801,1.055348895118477,13.069264996289956,2.961891609702908
development_rig_a,development_rig_a:radius=0.05500,5,helical_plume,0.055,0.073,0.08,0.04,0.04,602.6091097811563,0.01542765997413218,0.0407363537768467,0.013539489924793854,True,-15.033627949353761,False,-6.135294417817987,0.0,0.9304725024241547,0.9875597299247152,0.9304725024241547,9.773994401602637,11.243380355730244,2.391189546333573,2.635209805865123,2.391189546333573,0.0,1.196324838238475,14.46208514204962,2.7805245583007308,0.9304725024241547,9.773994401602637,2.391189546333573,0.9304725024241547,9.773994401602637,2.391189546333573,0.9875597299247152,11.243380355730244,2.635209805865123,0.9875597299247152,11.243380355730244,2.635209805865123,0.9875597299247152,11.243380355730244,2.635209805865123,0.9875597299247152,11.243380355730244,2.635209805865123,0.9746665436235464,11.244967615223008,2.398820927222468
development_rig_a,development_rig_a:radius=0.05500,6,stratified_ignition,0.055,0.073,0.04,0.04,0.04,180.28274884946376,0.04823023897082526,0.07447712686478099,0.013539489924793854,True,-11.541026150640887,False,-5.128261500480725,0.0,0.4650611651408478,0.48891071782645296,0.4650611651408478,6.547689144714213,7.303359661168355,1.3683984697982643,1.5046411262247432,1.3683984697982643,0.0,0.483831484136403,6.978768693729402,1.4781483263607207,0.4650611651408478,6.547689144714213,1.3683984697982643,0.48891071782645296,7.303359661168355,1.5046411262247432,0.48891071782645296,7.303359661168355,1.5046411262247432,0.48891071782645296,7.303359661168355,1.5046411262247432,0.48891071782645296,7.303359661168355,1.5046411262247432,0.48891071782645296,7.303359661168355,1.5046411262247432,0.4702724967367846,6.589750156151669,1.4668034696520342
development_rig_a,development_rig_a:radius=0.05500,7,stratified_ignition,0.055,0.073,0.04,0.04,0.04,401.27252388120337,0.02486421157304764,0.04992065651945448,0.013539489924793854,True,8.878024058022831,True,-5.370399370510974,-5.370399370510974,0.3580531544181597,0.37728203876912725,0.37728203876912725,6.169699597481274,5.6219521829091486,1.5308634555745053,2.022385972848516,2.022385972848516,32.10753483494392,0.3733074071933912,5.164032572717344,2.4193164630132267,0.3580531544181597,6.169699597481274,1.5308634555745053,0.37728203876912725,5.6219521829091486,2.022385972848516,0.37728203876912725,5.6219521829091486,2.022385972848516,0.37728203876912725,5.6219521829091486,2.022385972848516,0.37728203876912725,5.6219521829091486,2.022385972848516,0.37728203876912725,5.6219521829091486,2.022385972848516,0.3389759942189888,5.145267491717249,1.7400005278916302
development_rig_a,development_rig_a:radius=0.09500,0,expanding_kernel,0.095,0.113,0.12,0.08,0.08,1845.0172751743503,0.013169953043502417,0.023280900866931718,0.01262943544905876,True,-9.880485814773527,False,3.4999985696041866,0.0,0.7907922733000313,0.7631145550459898,0.7907922733000313,14.004873759592273,15.388623324785728,2.8929121858381897,2.0802010650391347,2.8929121858381897,0.0,0.8490513812551771,15.372541545676098,2.5974741949346147,0.7907922733000313,14.004873759592273,2.8929121858381897,0.7907922733000313,14.004873759592273,2.8929121858381897,0.7631145550459898,15.388623324785728,2.0802010650391347,0.7631145550459898,15.388623324785728,2.0802010650391347,0.7631145550459898,15.388623324785728,2.0802010650391347,0.7631145550459898,15.388623324785728,2.0802010650391347,0.7545463140961192,15.242417777871614,2.4040402284791065
development_rig_a,development_rig_a:radius=0.09500,1,expanding_kernel,0.095,0.113,0.0,0.08,0.08,682.8479486502802,0.012088917854615102,0.03826819651266512,0.01262943544905876,True,-2.9554712015120552,False,-5.406270158004924,0.0,0.8545998726708066,0.9008018505573565,0.8545998726708066,9.241426938311623,9.5145546500822,1.5136875777675198,2.0371369618332777,1.5136875777675198,0.0,1.085736987734336,10.995592032882158,2.780868868373373,0.8545998726708066,9.241426938311623,1.5136875777675198,1.085736987734336,10.995592032882158,2.780868868373373,0.9008018505573565,9.5145546500822,2.0371369618332777,0.9008018505573565,9.5145546500822,2.0371369618332777,0.9008018505573565,9.5145546500822,2.0371369618332777,0.9008018505573565,9.5145546500822,2.0371369618332777,0.9033623261264754,9.690148561498123,1.9127837908038217
development_rig_a,development_rig_a:radius=0.09500,2,interacting_fronts,0.095,0.113,0.0,0.08,0.08,486.3988900969639,0.01753810753814849,0.04534231736461053,0.01262943544905876,True,-1.3865072280315316,False,2.2287146348621927,0.0,0.5595308842861564,0.547060537581497,0.5595308842861564,4.786963710214329,4.853335308059697,1.8945450999155293,2.2342812334786286,1.8945450999155293,0.0,0.5419297947384424,5.243698265902899,2.6067042444485686,0.5595308842861564,4.786963710214329,1.8945450999155293,0.5419297947384424,5.243698265902899,2.6067042444485686,0.547060537581497,4.853335308059697,2.2342812334786286,0.547060537581497,4.853335308059697,2.2342812334786286,0.547060537581497,4.853335308059697,2.2342812334786286,0.547060537581497,4.853335308059697,2.2342812334786286,0.5337730353367809,4.548530691758308,2.1139346945137114
development_rig_a,development_rig_a:radius=0.09500,3,interacting_fronts,0.095,0.113,0.0,0.08,0.08,1054.5707055938942,0.011704345372468635,0.030793719427593173,0.01262943544905876,True,9.61925977101426,True,4.950517431158593,4.950517431158593,0.5575225537238908,0.5299223025191491,0.5299223025191491,8.443012830643038,7.63085749396342,2.1483795804620476,2.363976601068023,2.363976601068023,10.035331864381591,0.5732196340624114,8.994892422978374,3.4672785256969783,0.5575225537238908,8.443012830643038,2.1483795804620476,0.5732196340624114,8.994892422978374,3.4672785256969783,0.5299223025191491,7.63085749396342,2.363976601068023,0.5299223025191491,7.63085749396342,2.363976601068023,0.5299223025191491,7.63085749396342,2.363976601068023,0.5299223025191491,7.63085749396342,2.363976601068023,0.5647779036529494,7.008887493162537,2.2233245636704577
development_rig_a,development_rig_a:radius=0.09500,4,helical_plume,0.095,0.113,0.04,0.08,0.08,1389.2562954812474,0.006286404625633252,0.02682926735475738,0.01262943544905876,True,29.019483613685907,True,21.260158512574147,21.260158512574147,1.4213489795508536,1.119167933481487,1.119167933481487,24.726834262727508,17.551234645672025,5.976445478967836,3.2142832239263335,3.2142832239263335,-46.21747600245059,0.8346238206453568,10.948631131545108,4.5071914406069915,1.4213489795508536,24.726834262727508,5.976445478967836,0.8697507229654428,12.866421074804808,3.3455087769527707,1.119167933481487,17.551234645672025,3.2142832239263335,1.119167933481487,17.551234645672025,3.2142832239263335,1.119167933481487,17.551234645672025,3.2142832239263335,1.119167933481487,17.551234645672025,3.2142832239263335,1.174861328994373,17.96637962165843,4.201808359991215
development_rig_a,development_rig_a:radius=0.09500,5,helical_plume,0.095,0.113,0.08,0.08,0.08,579.6213770489326,0.007896290881600331,0.04153629955076982,0.01262943544905876,True,0.058559727438592876,True,5.280205414248118,5.280205414248118,1.0734747717187296,1.0167930987018496,1.0167930987018496,11.0882353813624,11.081742140945325,2.973269417035067,2.513640538270748,2.513640538270748,-15.458702670229567,1.3171766675757854,17.19766732136739,3.3086689259682154,1.0734747717187296,11.0882353813624,2.973269417035067,1.0167930987018496,11.081742140945325,2.513640538270748,1.0167930987018496,11.081742140945325,2.513640538270748,1.0167930987018496,11.081742140945325,2.513640538270748,1.0167930987018496,11.081742140945325,2.513640538270748,1.0167930987018496,11.081742140945325,2.513640538270748,1.0275585329899224,11.60998570074116,2.43478236277185
development_rig_a,development_rig_a:radius=0.09500,6,stratified_ignition,0.095,0.113,0.12,0.08,0.08,477.5003864564044,0.04879685520482113,0.0457628576769408,0.01262943544905876,True,-19.02292191989341,False,-9.111474588564885,0.0,0.4637182422093443,0.5059698120107885,0.4637182422093443,5.838115335013822,6.948695456786825,1.3163920900086465,1.6845308519094204,1.3163920900086465,0.0,0.5342256410759573,7.43378762133591,1.87829566849491,0.4637182422093443,5.838115335013822,1.3163920900086465,0.4637182422093443,5.838115335013822,1.3163920900086465,0.5059698120107885,6.948695456786825,1.6845308519094204,0.5059698120107885,6.948695456786825,1.6845308519094204,0.5059698120107885,6.948695456786825,1.6845308519094204,0.5059698120107885,6.948695456786825,1.6845308519094204,0.4719665114347352,6.202392550129058,1.5134070601831697
development_rig_a,development_rig_a:radius=0.09500,7,stratified_ignition,0.095,0.113,0.04,0.08,0.08,893.0428457183931,0.022427782560113737,0.033462921312558645,0.01262943544905876,True,-8.977585549432375,False,-6.464882734980036,0.0,0.362619384229358,0.3860623021940927,0.362619384229358,5.497741468002706,5.991305911579269,1.7447765234793406,2.0141065484950618,1.7447765234793406,0.0,0.43009917892921035,6.116389568928526,3.268992257246663,0.362619384229358,5.497741468002706,1.7447765234793406,0.42258151209024813,6.206823318885874,2.78313447872161,0.3860623021940927,5.991305911579269,2.0141065484950618,0.3860623021940927,5.991305911579269,2.0141065484950618,0.3860623021940927,5.991305911579269,2.0141065484950618,0.3860623021940927,5.991305911579269,2.0141065484950618,0.32558827974115584,4.995887178394811,1.5957633776888598
development_rig_a,development_rig_a:radius=0.13500,0,expanding_kernel,0.135,0.153,0.16,0.12,0.12,3646.216851117503,0.01992752587068854,0.016560702408417005,0.018355626715783228,True,-1.4671958549260307,False,6.310622207156224,0.0,0.8333372955416323,0.7807485271086669,0.8333372955416323,13.814641677431005,14.017329527495157,3.917222284702849,2.57037808958905,3.917222284702849,0.0,0.9639093401886611,17.67634684886098,2.9681701305802046,0.8333372955416323,13.814641677431005,3.917222284702849,0.8333372955416323,13.814641677431005,3.917222284702849,0.7807485271086669,14.017329527495157,2.57037808958905,0.7807485271086669,14.017329527495157,2.57037808958905,0.7807485271086669,14.017329527495157,2.57037808958905,0.7807485271086669,14.017329527495157,2.57037808958905,0.6948784132233121,12.21932257267687,2.763318963893352
development_rig_a,development_rig_a:radius=0.13500,1,expanding_kernel,0.135,0.153,0.12,0.12,0.12,1068.1330330464943,0.013233629608578056,0.03059759746658072,0.018355626715783228,True,-3.5256122565962533,False,-8.67996854944816,0.0,0.8567119172967465,0.9310742422774784,0.8567119172967465,9.306794903584573,9.634916405401626,1.758865055305807,2.2596050865139645,1.758865055305807,0.0,1.2418140929904211,12.704034546922527,3.805241833819753,0.8567119172967465,9.306794903584573,1.758865055305807,0.9310742422774784,9.634916405401626,2.2596050865139645,0.9310742422774784,9.634916405401626,2.2596050865139645,0.9310742422774784,9.634916405401626,2.2596050865139645,0.9310742422774784,9.634916405401626,2.2596050865139645,0.9310742422774784,9.634916405401626,2.2596050865139645,0.9360420176374007,9.718296928745993,2.403599945661565
development_rig_a,development_rig_a:radius=0.13500,2,interacting_fronts,0.135,0.153,0.0,0.12,0.12,933.3398408467472,0.024837002673110932,0.03273256942436494,0.018355626715783228,True,-11.970316914776308,False,-2.0832569448113394,0.0,0.5584839005188089,0.5701185551620203,0.5584839005188089,4.422445495378383,4.951826236558425,1.6849765495869895,2.0102866774135606,1.6849765495869895,0.0,0.5734566347643972,5.753402909657714,2.856288935824857,0.5584839005188089,4.422445495378383,1.6849765495869895,0.5734566347643972,5.753402909657714,2.856288935824857,0.5701185551620203,4.951826236558425,2.0102866774135606,0.5701185551620203,4.951826236558425,2.0102866774135606,0.5701185551620203,4.951826236558425,2.0102866774135606,0.5701185551620203,4.951826236558425,2.0102866774135606,0.5446937399943692,4.433205509837693,1.844061228334945
development_rig_a,development_rig_a:radius=0.13500,3,interacting_fronts,0.135,0.153,0.12,0.12,0.12,2131.003681929267,0.016783727560877915,0.021662466293063384,0.018355626715783228,True,6.406380418465709,True,2.7571516766486526,2.7571516766486526,0.571488261162023,0.5557314629875441,0.5557314629875441,8.894345981921521,8.32454034258511,1.9004844888545644,2.442016312116596,2.442016312116596,28.494409001381353,0.6493486610664886,11.24721982701005,4.587680205252806,0.571488261162023,8.894345981921521,1.9004844888545644,0.5557314629875441,8.32454034258511,2.442016312116596,0.5557314629875441,8.32454034258511,2.442016312116596,0.5557314629875441,8.32454034258511,2.442016312116596,0.5557314629875441,8.32454034258511,2.442016312116596,0.5557314629875441,8.32454034258511,2.442016312116596,0.5715538442916852,6.971927320127003,2.0547090199627056
development_rig_a,development_rig_a:radius=0.13500,4,helical_plume,0.135,0.153,0.12,0.12,0.12,3372.3682792372333,0.010118410389317723,0.01721997442790089,0.018355626715783228,True,24.23307058726228,True,18.045963449932167,18.045963449932167,1.5649947763990617,1.2825763910567394,1.2825763910567394,30.807617749062867,23.34198599367852,5.864279078490862,3.1988159954798236,3.1988159954798236,-45.45252787827723,0.903316431747264,16.99502811248854,3.1002182362851785,1.5649947763990617,30.807617749062867,5.864279078490862,1.2825763910567394,23.34198599367852,3.1988159954798236,1.2825763910567394,23.34198599367852,3.1988159954798236,1.2825763910567394,23.34198599367852,3.1988159954798236,1.2825763910567394,23.34198599367852,3.1988159954798236,1.2825763910567394,23.34198599367852,3.1988159954798236,1.2056901241905729,18.47504260536144,3.8198351686548238
development_rig_a,development_rig_a:radius=0.13500,5,helical_plume,0.135,0.153,0.12,0.12,0.12,1621.5719908825154,0.01388609752766313,0.02483315406289534,0.018355626715783228,True,9.060662379638282,True,11.603666962162173,11.603666962162173,1.1757986497861084,1.0393628903193288,1.0393628903193288,11.738955056227459,10.675327971685212,3.687392658988417,2.6822451787632677,2.6822451787632677,-27.259030246615968,1.2910955163985043,17.81604110031945,3.297945151871612,1.1757986497861084,11.738955056227459,3.687392658988417,1.0393628903193288,10.675327971685212,2.6822451787632677,1.0393628903193288,10.675327971685212,2.6822451787632677,1.0393628903193288,10.675327971685212,2.6822451787632677,1.0393628903193288,10.675327971685212,2.6822451787632677,1.0393628903193288,10.675327971685212,2.6822451787632677,1.0958147753982383,12.210243183096596,2.825550521763676
development_rig_a,development_rig_a:radius=0.13500,6,stratified_ignition,0.135,0.153,0.12,0.12,0.12,1726.9982460350882,0.07022372412334511,0.024063237182051243,0.018355626715783228,True,-30.38979495552271,False,-6.968088819986067,0.0,0.49224164069234105,0.5265414754247401,0.49224164069234105,5.250978777218461,6.846740460773165,1.435987871716674,1.7903028634889393,1.435987871716674,0.0,0.6567716328813592,8.796215973398777,2.9782434646233273,0.49224164069234105,5.250978777218461,1.435987871716674,0.5265414754247401,6.846740460773165,1.7903028634889393,0.5265414754247401,6.846740460773165,1.7903028634889393,0.5265414754247401,6.846740460773165,1.7903028634889393,0.5265414754247401,6.846740460773165,1.7903028634889393,0.5265414754247401,6.846740460773165,1.7903028634889393,0.47166436306425524,5.6104230704682205,1.5142435876347096
development_rig_a,development_rig_a:radius=0.13500,7,stratified_ignition,0.135,0.153,0.16,0.12,0.12,2653.826744672349,0.03104453718234706,0.0194117065214004,0.018355626715783228,True,-77.43716657747842,False,-43.58202060981404,0.0,0.31263102300064727,0.44888193987746183,0.31263102300064727,3.7610147047627525,6.673437926693343,1.533927912438899,1.7272102743098012,1.533927912438899,0.0,0.5732085343745632,9.355226820326692,4.9395002208348044,0.31263102300064727,3.7610147047627525,1.533927912438899,0.31263102300064727,3.7610147047627525,1.533927912438899,0.44888193987746183,6.673437926693343,1.7272102743098012,0.44888193987746183,6.673437926693343,1.7272102743098012,0.44888193987746183,6.673437926693343,1.7272102743098012,0.44888193987746183,6.673437926693343,1.7272102743098012,0.33978203910139937,4.789907018855791,1.4571945253485779
development_rig_b,development_rig_b:radius=0.05500,0,expanding_kernel,0.055,0.041,0.04,0.04,0.04,1157.2122486127014,0.011492761606591052,0.029396355383427997,0.018657533098083125,True,0.0,False,0.0,0.0,0.38063595891425006,0.38063595891425006,0.38063595891425006,5.953068754985617,5.953068754985617,6.640596055383951,6.640596055383951,6.640596055383951,0.0,0.4051453338276164,6.382544080085485,6.7881980049200354,0.38063595891425006,5.953068754985617,6.640596055383951,0.38063595891425006,5.953068754985617,6.640596055383951,0.38063595891425006,5.953068754985617,6.640596055383951,0.38063595891425006,5.953068754985617,6.640596055383951,0.38063595891425006,5.953068754985617,6.640596055383951,0.38063595891425006,5.953068754985617,6.640596055383951,0.37637382965903865,5.583345412825805,7.697611613450577
development_rig_b,development_rig_b:radius=0.05500,1,expanding_kernel,0.055,0.041,0.0,0.04,0.04,262.66096051994924,0.025718365683278517,0.06170242544680173,0.018657533098083125,True,0.0,False,0.0,0.0,0.6256722147518788,0.6256722147518788,0.6256722147518788,6.506444594666749,6.506444594666749,6.179273611809523,6.179273611809523,6.179273611809523,0.0,0.6617916683430963,6.899674012437835,6.772897427864522,0.6256722147518788,6.506444594666749,6.179273611809523,0.6617916683430963,6.899674012437835,6.772897427864522,0.6256722147518788,6.506444594666749,6.179273611809523,0.6256722147518788,6.506444594666749,6.179273611809523,0.6256722147518788,6.506444594666749,6.179273611809523,0.6256722147518788,6.506444594666749,6.179273611809523,0.5846266363203922,5.86233301770261,5.547531375242132
development_rig_b,development_rig_b:radius=0.05500,2,interacting_fronts,0.055,0.041,0.0,0.04,0.04,346.5968293956423,0.019191349186834943,0.05371402626923831,0.018657533098083125,True,0.0,False,0.0,0.0,0.6619446658771588,0.6619446658771588,0.6619446658771588,5.381873589414864,5.381873589414864,8.970054935381487,8.970054935381487,8.970054935381487,0.0,0.6756558579542954,5.6438513330938,10.208419925433587,0.6619446658771588,5.381873589414864,8.970054935381487,0.6756558579542954,5.6438513330938,10.208419925433587,0.6619446658771588,5.381873589414864,8.970054935381487,0.6619446658771588,5.381873589414864,8.970054935381487,0.6619446658771588,5.381873589414864,8.970054935381487,0.6619446658771588,5.381873589414864,8.970054935381487,0.6388626019600917,5.017165380539945,8.630560087970377
development_rig_b,development_rig_b:radius=0.05500,3,interacting_fronts,0.055,0.041,0.0,0.04,0.04,502.838140379268,0.018123717009331308,0.04459497185886096,0.018657533098083125,True,0.0,False,0.0,0.0,0.47807826931465003,0.47807826931465003,0.47807826931465003,5.110218941889347,5.110218941889347,11.65835655937863,11.65835655937863,11.65835655937863,0.0,0.4705451614626758,4.933112874706697,10.535421755726611,0.47807826931465003,5.110218941889347,11.65835655937863,0.4705451614626758,4.933112874706697,10.535421755726611,0.47807826931465003,5.110218941889347,11.65835655937863,0.47807826931465003,5.110218941889347,11.65835655937863,0.47807826931465003,5.110218941889347,11.65835655937863,0.47807826931465003,5.110218941889347,11.65835655937863,0.5050856960652574,5.533508720153886,12.013864757554169
development_rig_b,development_rig_b:radius=0.05500,4,helical_plume,0.055,0.041,0.04,0.04,0.04,1423.1575955220449,0.010251041642323266,0.026507788848304764,0.018657533098083125,True,0.0,False,0.0,0.0,0.7759300371609485,0.7759300371609485,0.7759300371609485,10.700876466546948,10.700876466546948,18.73918609961018,18.73918609961018,18.73918609961018,0.0,0.7433606369799669,10.25858610450194,19.70053469625501,0.7759300371609485,10.700876466546948,18.73918609961018,0.7759300371609485,10.700876466546948,18.73918609961018,0.7759300371609485,10.700876466546948,18.73918609961018,0.7759300371609485,10.700876466546948,18.73918609961018,0.7759300371609485,10.700876466546948,18.73918609961018,0.7759300371609485,10.700876466546948,18.73918609961018,0.7615116264044411,10.37198730322632,15.73061107445681
development_rig_b,development_rig_b:radius=0.05500,5,helical_plume,0.055,0.041,0.04,0.04,0.04,761.0379720908446,0.016948190253033003,0.03624906731986044,0.018657533098083125,True,0.0,False,0.0,0.0,0.7351169393562835,0.7351169393562835,0.7351169393562835,4.827745471057762,4.827745471057762,6.526024272509645,6.526024272509645,6.526024272509645,0.0,0.8151540566202582,6.819195329350131,8.294138177407893,0.7351169393562835,4.827745471057762,6.526024272509645,0.7351169393562835,4.827745471057762,6.526024272509645,0.7351169393562835,4.827745471057762,6.526024272509645,0.7351169393562835,4.827745471057762,6.526024272509645,0.7351169393562835,4.827745471057762,6.526024272509645,0.7351169393562835,4.827745471057762,6.526024272509645,0.8001651547188371,4.595801398555168,8.829824616168464
development_rig_b,development_rig_b:radius=0.05500,6,stratified_ignition,0.055,0.041,0.0,0.04,0.04,886.6849536008526,0.0912290914932582,0.03358267840410308,0.018657533098083125,True,0.0,False,0.0,0.0,0.48905714532605943,0.48905714532605943,0.48905714532605943,4.450399173156103,4.450399173156103,6.917757989774898,6.917757989774898,6.917757989774898,0.0,0.4501786353361023,3.9779364196547435,6.03062767914141,0.48905714532605943,4.450399173156103,6.917757989774898,0.4501786353361023,3.9779364196547435,6.03062767914141,0.48905714532605943,4.450399173156103,6.917757989774898,0.48905714532605943,4.450399173156103,6.917757989774898,0.48905714532605943,4.450399173156103,6.917757989774898,0.48905714532605943,4.450399173156103,6.917757989774898,0.48313184019776045,4.288536248262296,6.639010469325769
development_rig_b,development_rig_b:radius=0.05500,7,stratified_ignition,0.055,0.041,0.04,0.04,0.04,1838.915191483219,0.06220710175981814,0.023319495455190204,0.018657533098083125,True,0.0,False,0.0,0.0,0.384885917387639,0.384885917387639,0.384885917387639,4.750250260376066,4.750250260376066,4.404885511343776,4.404885511343776,4.404885511343776,0.0,0.4108248339122067,6.067438200465942,7.219646597466369,0.384885917387639,4.750250260376066,4.404885511343776,0.384885917387639,4.750250260376066,4.404885511343776,0.384885917387639,4.750250260376066,4.404885511343776,0.384885917387639,4.750250260376066,4.404885511343776,0.384885917387639,4.750250260376066,4.404885511343776,0.384885917387639,4.750250260376066,4.404885511343776,0.39776779157146,4.791219763643505,4.403263996233622
development_rig_b,development_rig_b:radius=0.09500,0,expanding_kernel,0.095,0.081,0.08,0.04,0.04,1094.03535446532,0.011049035157392476,0.030233214242996326,0.018676030837016057,True,2.626429668239622,True,11.801475561730264,11.801475561730264,0.44170769086565775,0.3895796656738641,0.3895796656738641,6.33567573573045,6.169273668523767,7.51473977281336,6.532892953748005,6.532892953748005,-13.065613031837183,0.44681227656836864,7.085633229196422,7.378766715050874,0.44170769086565775,6.33567573573045,7.51473977281336,0.44170769086565775,6.33567573573045,7.51473977281336,0.3895796656738641,6.169273668523767,6.532892953748005,0.3895796656738641,6.169273668523767,6.532892953748005,0.3895796656738641,6.169273668523767,6.532892953748005,0.44170769086565775,6.33567573573045,7.51473977281336,0.4210808131568836,5.808873719292596,8.001945635573518
development_rig_b,development_rig_b:radius=0.09500,1,expanding_kernel,0.095,0.081,0.0,0.04,0.04,258.1090762402246,0.027052083150576743,0.062244124362013944,0.018676030837016057,True,-8.264033625404336,False,-0.837617920581438,0.0,0.6320365116781651,0.6373305627645992,0.6320365116781651,6.12051465255641,6.626316041491471,5.931526021713986,6.31112153909596,5.931526021713986,0.0,0.6787261818466389,7.030112552967635,7.029567161810179,0.6320365116781651,6.12051465255641,5.931526021713986,0.6787261818466389,7.030112552967635,7.029567161810179,0.6373305627645992,6.626316041491471,6.31112153909596,0.6373305627645992,6.626316041491471,6.31112153909596,0.6373305627645992,6.626316041491471,6.31112153909596,0.6320365116781651,6.12051465255641,5.931526021713986,0.6133481991511727,5.748999554749024,5.7812111426433495
development_rig_b,development_rig_b:radius=0.09500,2,interacting_fronts,0.095,0.081,0.0,0.04,0.04,333.60990996980695,0.01938831136216462,0.05474954679186522,0.018676030837016057,True,-8.319271445912907,False,-1.4702089388810449,0.0,0.6594442017578149,0.6691394093589911,0.6594442017578149,5.12169456653917,5.547782240160136,8.180226924352791,9.268376770225343,8.180226924352791,0.0,0.6821137059647293,5.812205038949863,10.557652980200292,0.6594442017578149,5.12169456653917,8.180226924352791,0.6821137059647293,5.812205038949863,10.557652980200292,0.6691394093589911,5.547782240160136,9.268376770225343,0.6691394093589911,5.547782240160136,9.268376770225343,0.6691394093589911,5.547782240160136,9.268376770225343,0.6594442017578149,5.12169456653917,8.180226924352791,0.635230277538094,4.6830816544075535,7.524902484664885
development_rig_b,development_rig_b:radius=0.09500,3,interacting_fronts,0.095,0.081,0.0,0.04,0.04,466.71341123239995,0.01796375031186749,0.04628868674893553,0.018676030837016057,True,-8.89995884313292,False,5.768851681152424,0.0,0.49863265881409274,0.4698672802933209,0.49863265881409274,4.673895941072519,5.089870756198834,11.067748508090723,11.71853054002372,11.067748508090723,0.0,0.4637513699757347,4.936456990295472,10.790261068171318,0.49863265881409274,4.673895941072519,11.067748508090723,0.4637513699757347,4.936456990295472,10.790261068171318,0.4698672802933209,5.089870756198834,11.71853054002372,0.4698672802933209,5.089870756198834,11.71853054002372,0.4698672802933209,5.089870756198834,11.71853054002372,0.49863265881409274,4.673895941072519,11.067748508090723,0.49319811629037674,4.6952436183552715,10.169332205054573
development_rig_b,development_rig_b:radius=0.09500,4,helical_plume,0.095,0.081,0.08,0.04,0.04,1421.6274396144895,0.010929996336521799,0.026522050721726063,0.018676030837016057,True,-5.189008437449649,False,-3.04523564953039,0.0,0.8182473334004106,0.8431648928984516,0.8182473334004106,11.903350560568338,12.52101642549544,21.782238670132816,21.926904776675762,21.782238670132816,0.0,0.8284565592285512,12.625269299193317,23.59135807782582,0.8182473334004106,11.903350560568338,21.782238670132816,0.8182473334004106,11.903350560568338,21.782238670132816,0.8431648928984516,12.52101642549544,21.926904776675762,0.8431648928984516,12.52101642549544,21.926904776675762,0.8431648928984516,12.52101642549544,21.926904776675762,0.8182473334004106,11.903350560568338,21.782238670132816,0.7692632452041073,10.398783861882968,18.243298352408186
development_rig_b,development_rig_b:radius=0.09500,5,helical_plume,0.095,0.081,0.04,0.04,0.04,607.3693020516608,0.014788026379393067,0.04057640634880061,0.018676030837016057,True,-40.320541431464505,False,11.451667365831987,0.0,0.7809574066894763,0.6915247622065698,0.7809574066894763,4.038538263111742,5.666898756715259,7.1826593023677185,7.299676309217664,7.1826593023677185,0.0,0.8200450430150148,7.520103337023382,9.4801156521391,0.7809574066894763,4.038538263111742,7.1826593023677185,0.6915247622065698,5.666898756715259,7.299676309217664,0.6915247622065698,5.666898756715259,7.299676309217664,0.6915247622065698,5.666898756715259,7.299676309217664,0.6915247622065698,5.666898756715259,7.299676309217664,0.7809574066894763,4.038538263111742,7.1826593023677185,0.8268514936029917,4.658414159094841,10.233957412056208
development_rig_b,development_rig_b:radius=0.09500,6,stratified_ignition,0.095,0.081,0.04,0.04,0.04,766.3812337552298,0.08657340653008559,0.036122480820107654,0.018676030837016057,True,-4.593467898113227,False,-0.8633092350843702,0.0,0.4727937549318443,0.47687542708107306,0.4727937549318443,4.055511180165148,4.241799784330427,6.259838109925925,6.30342610108976,6.259838109925925,0.0,0.4652081041539834,3.974846421275963,5.634023279484623,0.4727937549318443,4.055511180165148,6.259838109925925,0.47687542708107306,4.241799784330427,6.30342610108976,0.47687542708107306,4.241799784330427,6.30342610108976,0.47687542708107306,4.241799784330427,6.30342610108976,0.47687542708107306,4.241799784330427,6.30342610108976,0.4727937549318443,4.055511180165148,6.259838109925925,0.4728015670965292,4.014587979385249,6.319460795868055
development_rig_b,development_rig_b:radius=0.09500,7,stratified_ignition,0.095,0.081,0.04,0.04,0.04,1906.9853736308733,0.06465877629324865,0.02289951682774525,0.018676030837016057,True,-9.043828636716928,False,-1.9738074565969972,0.0,0.4172723816556322,0.42550853503907093,0.4172723816556322,5.126958837411351,5.590632208941848,5.1557372860560475,5.399461135254496,5.1557372860560475,0.0,0.47506652776416747,7.563896055316998,9.495423999218803,0.4172723816556322,5.126958837411351,5.1557372860560475,0.42550853503907093,5.590632208941848,5.399461135254496,0.42550853503907093,5.590632208941848,5.399461135254496,0.42550853503907093,5.590632208941848,5.399461135254496,0.42550853503907093,5.590632208941848,5.399461135254496,0.4172723816556322,5.126958837411351,5.1557372860560475,0.4091901236060502,4.907102859544217,4.887050628739904
development_rig_b,development_rig_b:radius=0.13500,0,expanding_kernel,0.135,0.12100000000000001,0.12,0.08,0.08,1839.0770433382334,0.013510921260152221,0.023318469291915493,0.0225994965323933,True,-14.40097653109391,False,-0.6915099133561138,0.0,0.45582559048953764,0.45897766963538683,0.45582559048953764,5.807203793980354,6.64349784946426,5.213151367486892,6.627163379081051,5.213151367486892,0.0,0.5326408491873865,8.351781502693477,8.215097353765636,0.45582559048953764,5.807203793980354,5.213151367486892,0.45582559048953764,5.807203793980354,5.213151367486892,0.45582559048953764,5.807203793980354,5.213151367486892,0.45897766963538683,6.64349784946426,6.627163379081051,0.45897766963538683,6.64349784946426,6.627163379081051,0.45582559048953764,5.807203793980354,5.213151367486892,0.42620925574915086,5.409130080675741,5.688174613276974
development_rig_b,development_rig_b:radius=0.13500,1,expanding_kernel,0.135,0.12100000000000001,0.12,0.08,0.08,511.40889326696674,0.023507896488280267,0.04421970713984271,0.0225994965323933,True,-4.289980302238751,False,4.759887770474444,0.0,0.6624585055720342,0.6309262241808432,0.6624585055720342,5.9246951930584,6.178863449808292,6.099521109875829,6.099897384757659,6.099521109875829,0.0,0.7014694685019969,7.146816076514194,7.451842631056084,0.6624585055720342,5.9246951930584,6.099521109875829,0.6624585055720342,5.9246951930584,6.099521109875829,0.6624585055720342,5.9246951930584,6.099521109875829,0.6309262241808432,6.178863449808292,6.099897384757659,0.6309262241808432,6.178863449808292,6.099897384757659,0.6624585055720342,5.9246951930584,6.099521109875829,0.6603316307089144,5.669113521964292,5.886598435271455
development_rig_b,development_rig_b:radius=0.13500,2,interacting_fronts,0.135,0.12100000000000001,0.0,0.08,0.08,603.3155643046656,0.021597535512598305,0.04071249660112199,0.0225994965323933,True,-14.707843931949288,False,-2.6840871939756066,0.0,0.6494148687277069,0.6668457300550008,0.6494148687277069,4.599248735024543,5.275699061014104,6.901522464224422,8.471550295011086,6.901522464224422,0.0,0.6966608726821092,6.015913164022517,10.91984312674563,0.6494148687277069,4.599248735024543,6.901522464224422,0.6966608726821092,6.015913164022517,10.91984312674563,0.6494148687277069,4.599248735024543,6.901522464224422,0.6668457300550008,5.275699061014104,8.471550295011086,0.6668457300550008,5.275699061014104,8.471550295011086,0.6494148687277069,4.599248735024543,6.901522464224422,0.6446506134587408,4.1584022300755805,6.089385684340816
development_rig_b,development_rig_b:radius=0.13500,3,interacting_fronts,0.135,0.12100000000000001,0.08,0.08,0.08,909.1625433370782,0.02169109657650633,0.03316494126923154,0.0225994965323933,True,-30.997287821266468,False,1.3482034754980365,0.0,0.5117720952690821,0.5048723660940352,0.5117720952690821,3.7669783134957155,4.934639423494672,6.530882507888887,11.203103701845903,6.530882507888887,0.0,0.48104219454155644,5.184427256302241,11.337254220811786,0.5117720952690821,3.7669783134957155,6.530882507888887,0.5048723660940352,4.934639423494672,11.203103701845903,0.5117720952690821,3.7669783134957155,6.530882507888887,0.5048723660940352,4.934639423494672,11.203103701845903,0.5048723660940352,4.934639423494672,11.203103701845903,0.5117720952690821,3.7669783134957155,6.530882507888887,0.506354305475451,3.500089415645795,6.0683293858680765
development_rig_b,development_rig_b:radius=0.13500,4,helical_plume,0.135,0.12100000000000001,0.16,0.08,0.08,2187.414172769175,0.011387668439775595,0.02138131880839629,0.0225994965323933,True,-38.91129849516779,False,-21.708840257700015,0.0,0.805054278628766,0.979822225964064,0.805054278628766,11.235961766999607,15.608020388959753,20.06754671545808,28.878365589733637,20.06754671545808,0.0,1.0283275825360696,16.993179360743042,32.24481066197333,0.805054278628766,11.235961766999607,20.06754671545808,0.889428868061824,9.351252104514767,16.12375843945393,0.805054278628766,11.235961766999607,20.06754671545808,0.979822225964064,15.608020388959753,28.878365589733637,0.979822225964064,15.608020388959753,28.878365589733637,0.805054278628766,11.235961766999607,20.06754671545808,0.7189326991153053,9.444779435310325,16.51280690397504
development_rig_b,development_rig_b:radius=0.13500,5,helical_plume,0.135,0.12100000000000001,0.08,0.08,0.08,1993.874682682905,0.03352839912059811,0.022395000193706445,0.0225994965323933,True,-6.591137191701713,False,1.9021359976006162,0.0,0.7285580618941597,0.7146998967354495,0.7285580618941597,4.698172996475885,5.007836024177094,6.747514443370054,6.113963247858875,6.747514443370054,0.0,0.9512721955597127,9.490541426472976,12.866197183210117,0.7285580618941597,4.698172996475885,6.747514443370054,0.7146998967354495,5.007836024177094,6.113963247858875,0.7285580618941597,4.698172996475885,6.747514443370054,0.7146998967354495,5.007836024177094,6.113963247858875,0.7146998967354495,5.007836024177094,6.113963247858875,0.7285580618941597,4.698172996475885,6.747514443370054,0.814284613877139,5.371218360355043,7.2760024650465045
development_rig_b,development_rig_b:radius=0.13500,6,stratified_ignition,0.135,0.12100000000000001,0.04,0.08,0.08,558.4485377439504,0.042057704784707606,0.0423163714758258,0.0225994965323933,True,-8.889618806796639,False,-1.8513863381777966,0.0,0.4819480622733224,0.4908707828553633,0.4819480622733224,3.723608548477793,4.054623154294762,5.736471043850459,6.142110180358937,5.736471043850459,0.0,0.5047459545321449,4.093300917691014,5.707807530912973,0.4819480622733224,3.723608548477793,5.736471043850459,0.506354912496175,4.278486723913307,6.1871991349555415,0.4819480622733224,3.723608548477793,5.736471043850459,0.4908707828553633,4.054623154294762,6.142110180358937,0.4908707828553633,4.054623154294762,6.142110180358937,0.4819480622733224,3.723608548477793,5.736471043850459,0.48057449721911644,3.619492824967771,5.652251651956801
development_rig_b,development_rig_b:radius=0.13500,7,stratified_ignition,0.135,0.12100000000000001,0.04,0.08,0.08,782.7693875922424,0.024473244942498442,0.035742348374555026,0.0225994965323933,True,-19.154194762398113,False,-7.671165294608255,0.0,0.41311469730251527,0.44480540858891177,0.41311469730251527,4.621470671704228,5.506676165049564,5.289532697315459,5.770432391274614,5.289532697315459,0.0,0.5168507637937216,8.358847914699595,10.96361013231389,0.41311469730251527,4.621470671704228,5.289532697315459,0.4606123776978117,6.123808703693656,6.440303404048343,0.41311469730251527,4.621470671704228,5.289532697315459,0.44480540858891177,5.506676165049564,5.770432391274614,0.44480540858891177,5.506676165049564,5.770432391274614,0.41311469730251527,4.621470671704228,5.289532697315459,0.42324068347671073,4.689720048821597,5.200372004370713
