candidate_id,method,model_seed,case_id,session_id,split,family,base_seed,candidate_field_relative_l2,candidate_h1_relative_error,raw_field_relative_l2,raw_h1_relative_error,registered_classical_field_relative_l2,registered_classical_h1_relative_error,clean_reprojection_ratio_to_base,selector_valid,residual_closure_relative_error,field_gain_to_raw,h1_gain_to_raw,field_gain_to_registered_classical,h1_gain_to_registered_classical,field_harm_vs_raw,field_harm_vs_registered_classical,gate_policy,selector_family,model_mismatch_policy,model_mismatch_norm_fraction,selector_digest,uses_truth,uses_exact_nuisance,dense_evaluator_ceiling_only,field_gain_to_best_classical_envelope_diagnostic,h1_gain_to_best_classical_envelope_diagnostic,measured_reprojection_relative_l2,clean_reprojection_relative_l2,alpha,raw_no_correction,fallback_reason,correction_norm,evaluated_alpha_count,raw_global_score,selected_global_score,raw_camera_scores_json,selected_camera_scores_json,gate_checks_json,model_mismatch_global_whitened_score,model_mismatch_camera_scores_json,model_mismatch_available_to_selector,dense_matrix_rows,dense_matrix_columns,dense_setup_in_budget,candidate_budget_matched,dense_linear_solve_count,candidate_cost_contract,learned_feature_forward_calls,learned_feature_adjoint_calls
structured_joint_two_sided_95,jacru_m2,17,170f9e9fcd7f86632b9a,development:2101:d7d9a77030834a1d,development,smooth_no_interface,2101,0.5792949040536532,1.1633238110929514,0.5795705248702099,1.1655455663244114,0.560046367763596,1.000428666048643,1.0437306825899548,True,0.0,0.000475560444724747,0.0019061933704286208,-0.03436954044880511,-0.1628253473460426,False,True,joint_two_sided,session_joint_conformal_band,sensor_only,0.0,6afcfa8ba0164183ef84bca1477dd3b88098ee0100faf44f24a745354897dab1,False,False,True,-0.03436954044880511,-0.1628253473460426,0.015379989138017745,0.03908310717680228,2.371373705661655,False,NONE,0.03105646885284974,63,343.65434417156337,157.6020281031942,"[170.6527424985334,86.35176541486729,86.64983625816262]","[71.58465530241988,42.43132492858932,43.586047872184984]","{""camera_lower"":true,""camera_lower_informative"":true,""camera_upper"":true,""global_lower"":true,""global_lower_informative"":true,""global_upper"":true}",20515.34356071398,"[4734.2152027456395,11874.76708991783,3906.361268050512]",False,150,1000,False,False,63,13F/13AT learned preparation plus unmatched evaluator-only dense assembly and alpha-grid solves,13,13
isotropic_joint_two_sided_95,jacru_m2,17,170f9e9fcd7f86632b9a,development:2101:d7d9a77030834a1d,development,smooth_no_interface,2101,0.5774797101118327,1.1570105628234784,0.5795705248702099,1.1655455663244114,0.560046367763596,1.000428666048643,0.9012664978809586,True,0.0,0.0036075243109462067,0.007322754036848589,-0.031128391061355242,-0.15651480419216818,False,True,joint_two_sided,session_joint_conformal_band,sensor_only,0.0,0bd5e37a30ed1391568f5908773ec8e9ea6a36e4001aa4c70af6ca635cc7e76d,False,False,True,-0.031128391061355242,-0.15651480419216818,0.012781108226821698,0.03374845227711021,0.4216965034285822,False,NONE,0.08184733380891737,67,433.1550968292065,172.44135286607184,"[223.70187142021797,124.789567853014,84.66365755597451]","[93.22923742308362,47.06505910413516,32.14705633885303]","{""camera_lower"":true,""camera_lower_informative"":true,""camera_upper"":true,""global_lower"":true,""global_lower_informative"":true,""global_upper"":true}",12340.01337459189,"[2621.184294157247,6891.510862932017,2827.318217502627]",False,150,1000,False,False,67,13F/13AT learned preparation plus unmatched evaluator-only dense assembly and alpha-grid solves,13,13
structured_joint_upper_95_ablation,jacru_m2,17,170f9e9fcd7f86632b9a,development:2101:d7d9a77030834a1d,development,smooth_no_interface,2101,0.5792949040536532,1.1633238110929514,0.5795705248702099,1.1655455663244114,0.560046367763596,1.000428666048643,1.0437306825899548,True,0.0,0.000475560444724747,0.0019061933704286208,-0.03436954044880511,-0.1628253473460426,False,True,joint_upper_only,session_joint_conformal_upper_ablation,sensor_only,0.0,37e10e3c022972891673dbb124f1d325610253e386a60b40b23c354c21724f4e,False,False,True,-0.03436954044880511,-0.1628253473460426,0.015379989138017745,0.03908310717680228,2.371373705661655,False,NONE,0.03105646885284974,63,343.65434417156337,157.6020281031942,"[170.6527424985334,86.35176541486729,86.64983625816262]","[71.58465530241988,42.43132492858932,43.586047872184984]","{""camera_lower"":true,""camera_lower_informative"":true,""camera_upper"":true,""global_lower"":true,""global_lower_informative"":true,""global_upper"":true}",20515.34356071398,"[4734.2152027456395,11874.76708991783,3906.361268050512]",False,150,1000,False,False,63,13F/13AT learned preparation plus unmatched evaluator-only dense assembly and alpha-grid solves,13,13
structured_global_upper_95_ablation,jacru_m2,17,170f9e9fcd7f86632b9a,development:2101:d7d9a77030834a1d,development,smooth_no_interface,2101,0.5794474383962512,1.164527070240159,0.5795705248702099,1.1655455663244114,0.560046367763596,1.000428666048643,1.0741745485712857,True,0.0,0.0002123753170267049,0.0008738363507008929,-0.034641900652134516,-0.16402809091791565,False,True,global_upper_only,session_global_conformal_upper_ablation,sensor_only,0.0,eaf09a6ae59cca02326aad75884dc74ad36175ddbffcd00bb41ee438162b8ba4,False,False,True,-0.034641900652134516,-0.16402809091791565,0.018035508393217783,0.040223095582692624,5.623413251903491,False,NONE,0.01755181354160597,61,343.65434417156337,224.13744195982224,"[170.6527424985334,86.35176541486729,86.64983625816262]","[104.47842961429869,58.64687669397493,61.01213565154864]","{""camera_lower"":true,""camera_lower_informative"":true,""camera_upper"":false,""global_lower"":true,""global_lower_informative"":true,""global_upper"":true}",20515.34356071398,"[4734.2152027456395,11874.76708991783,3906.361268050512]",False,150,1000,False,False,61,13F/13AT learned preparation plus unmatched evaluator-only dense assembly and alpha-grid solves,13,13
structured_target_mismatch_oracle_fraction_025,jacru_m2,17,170f9e9fcd7f86632b9a,development:2101:d7d9a77030834a1d,development,smooth_no_interface,2101,0.5795705248702099,1.1655455663244114,0.5795705248702099,1.1655455663244114,0.560046367763596,1.000428666048643,1.124327878623918,False,0.0,0.0,0.0,-0.034861679729445844,-0.16504615059454933,False,True,joint_two_sided,evaluator_only_fractional_model_mismatch_oracle,exact_target_oracle_triangle_bound,0.25,c5eb1cd3c0204350d33ef156cc8859e6b98ccabe27e31ab085f7d691fafc537f,True,False,True,-0.034861679729445844,-0.16504615059454933,0.021991355747980203,0.04210111642314217,inf,True,NO_ALPHA_SATISFIED_FROZEN_GATE_RETURN_RAW,0.0,129,343.65434417156337,343.65434417156337,"[170.6527424985334,86.35176541486729,86.64983625816262]","[170.6527424985334,86.35176541486729,86.64983625816262]","{""camera_lower"":true,""camera_lower_informative"":false,""camera_upper"":true,""global_lower"":true,""global_lower_informative"":false,""global_upper"":true}",20515.34356071398,"[4734.2152027456395,11874.76708991783,3906.361268050512]",False,150,1000,False,False,129,13F/13AT learned preparation plus unmatched evaluator-only dense assembly and alpha-grid solves,13,13
structured_target_mismatch_oracle_fraction_050,jacru_m2,17,170f9e9fcd7f86632b9a,development:2101:d7d9a77030834a1d,development,smooth_no_interface,2101,0.5795705248702099,1.1655455663244114,0.5795705248702099,1.1655455663244114,0.560046367763596,1.000428666048643,1.124327878623918,False,0.0,0.0,0.0,-0.034861679729445844,-0.16504615059454933,False,True,joint_two_sided,evaluator_only_fractional_model_mismatch_oracle,exact_target_oracle_triangle_bound,0.5,600e8ccb6434976a4c7ffbcb9cf2434dce0b87409a3bb6717821d13f57362139,True,False,True,-0.034861679729445844,-0.16504615059454933,0.021991355747980203,0.04210111642314217,inf,True,NO_ALPHA_SATISFIED_FROZEN_GATE_RETURN_RAW,0.0,129,343.65434417156337,343.65434417156337,"[170.6527424985334,86.35176541486729,86.64983625816262]","[170.6527424985334,86.35176541486729,86.64983625816262]","{""camera_lower"":true,""camera_lower_informative"":false,""camera_upper"":true,""global_lower"":true,""global_lower_informative"":false,""global_upper"":true}",20515.34356071398,"[4734.2152027456395,11874.76708991783,3906.361268050512]",False,150,1000,False,False,129,13F/13AT learned preparation plus unmatched evaluator-only dense assembly and alpha-grid solves,13,13
structured_target_mismatch_oracle_fraction_075,jacru_m2,17,170f9e9fcd7f86632b9a,development:2101:d7d9a77030834a1d,development,smooth_no_interface,2101,0.5795705248702099,1.1655455663244114,0.5795705248702099,1.1655455663244114,0.560046367763596,1.000428666048643,1.124327878623918,False,0.0,0.0,0.0,-0.034861679729445844,-0.16504615059454933,False,True,joint_two_sided,evaluator_only_fractional_model_mismatch_oracle,exact_target_oracle_triangle_bound,0.75,e4705453329291111d7538cfe4d13dea0fc71c3562842c9698774bda91584a7e,True,False,True,-0.034861679729445844,-0.16504615059454933,0.021991355747980203,0.04210111642314217,inf,True,NO_ALPHA_SATISFIED_FROZEN_GATE_RETURN_RAW,0.0,129,343.65434417156337,343.65434417156337,"[170.6527424985334,86.35176541486729,86.64983625816262]","[170.6527424985334,86.35176541486729,86.64983625816262]","{""camera_lower"":true,""camera_lower_informative"":false,""camera_upper"":true,""global_lower"":true,""global_lower_informative"":false,""global_upper"":true}",20515.34356071398,"[4734.2152027456395,11874.76708991783,3906.361268050512]",False,150,1000,False,False,129,13F/13AT learned preparation plus unmatched evaluator-only dense assembly and alpha-grid solves,13,13
structured_exact_target_mismatch_oracle_fraction_100,jacru_m2,17,170f9e9fcd7f86632b9a,development:2101:d7d9a77030834a1d,development,smooth_no_interface,2101,0.5795705248702099,1.1655455663244114,0.5795705248702099,1.1655455663244114,0.560046367763596,1.000428666048643,1.124327878623918,False,0.0,0.0,0.0,-0.034861679729445844,-0.16504615059454933,False,True,joint_two_sided,evaluator_only_exact_model_mismatch_oracle,exact_target_oracle_triangle_bound,1.0,b1445888b77029e83994402878c5862dab0b0dd6ce45e81860ca8c2504673003,True,False,True,-0.034861679729445844,-0.16504615059454933,0.021991355747980203,0.04210111642314217,inf,True,NO_ALPHA_SATISFIED_FROZEN_GATE_RETURN_RAW,0.0,129,343.65434417156337,343.65434417156337,"[170.6527424985334,86.35176541486729,86.64983625816262]","[170.6527424985334,86.35176541486729,86.64983625816262]","{""camera_lower"":true,""camera_lower_informative"":false,""camera_upper"":true,""global_lower"":true,""global_lower_informative"":false,""global_upper"":true}",20515.34356071398,"[4734.2152027456395,11874.76708991783,3906.361268050512]",False,150,1000,False,False,129,13F/13AT learned preparation plus unmatched evaluator-only dense assembly and alpha-grid solves,13,13
structured_joint_two_sided_95,jacru_m2,17,8b2a49fe20fc05cac560,development:2101:d7d9a77030834a1d,development,single_interface,2101,0.666178486677906,1.1239261003706877,0.66640936644513,1.1250051828647474,0.6662449200237204,1.0629486642182415,1.0061223289978405,True,0.0,0.0003464533646272416,0.0009591800202305087,9.971309921881097e-05,-0.05736630394779489,False,False,joint_two_sided,session_joint_conformal_band,sensor_only,0.0,6afcfa8ba0164183ef84bca1477dd3b88098ee0100faf44f24a745354897dab1,False,False,True,9.971309921881097e-05,-0.05736630394779489,0.017406622226109652,0.02283985994946239,1.539926526059492,False,NONE,0.04159295615570784,64,404.38424397430526,162.9251198719312,"[181.30681509028548,78.29552252524267,144.78190635877712]","[74.53245025388063,36.21811816313378,52.17455145491677]","{""camera_lower"":true,""camera_lower_informative"":true,""camera_upper"":true,""global_lower"":true,""global_lower_informative"":true,""global_upper"":true}",58885.589065906395,"[963.3691074817789,53640.658713965364,4281.56124445926]",False,150,1000,False,False,64,13F/13AT learned preparation plus unmatched evaluator-only dense assembly and alpha-grid solves,13,13
isotropic_joint_two_sided_95,jacru_m2,17,8b2a49fe20fc05cac560,development:2101:d7d9a77030834a1d,development,single_interface,2101,0.6663466384831568,1.124767106637648,0.66640936644513,1.1250051828647474,0.6662449200237204,1.0629486642182415,1.169660887927813,True,0.0,9.41282717976748e-05,0.00021162233803513449,-0.0001526742739483623,-0.058157505155596104,False,False,joint_two_sided,session_joint_conformal_band,sensor_only,0.0,0bd5e37a30ed1391568f5908773ec8e9ea6a36e4001aa4c70af6ca635cc7e76d,False,False,True,-0.0001526742739483623,-0.058157505155596104,0.02200596694488098,0.0265523287762083,8.659643233600654,False,NONE,0.009131474940352435,60,376.22185524149234,331.37282608706846,"[117.05525880571054,132.23926714232732,126.92732929345445]","[102.29976463793807,120.49274313756064,108.58031831156975]","{""camera_lower"":true,""camera_lower_informative"":true,""camera_upper"":true,""global_lower"":true,""global_lower_informative"":true,""global_upper"":true}",33226.154246418635,"[547.7925697780421,29769.6843895467,2908.677287093885]",False,150,1000,False,False,60,13F/13AT learned preparation plus unmatched evaluator-only dense assembly and alpha-grid solves,13,13
structured_joint_upper_95_ablation,jacru_m2,17,8b2a49fe20fc05cac560,development:2101:d7d9a77030834a1d,development,single_interface,2101,0.666178486677906,1.1239261003706877,0.66640936644513,1.1250051828647474,0.6662449200237204,1.0629486642182415,1.0061223289978405,True,0.0,0.0003464533646272416,0.0009591800202305087,9.971309921881097e-05,-0.05736630394779489,False,False,joint_upper_only,session_joint_conformal_upper_ablation,sensor_only,0.0,37e10e3c022972891673dbb124f1d325610253e386a60b40b23c354c21724f4e,False,False,True,9.971309921881097e-05,-0.05736630394779489,0.017406622226109652,0.02283985994946239,1.539926526059492,False,NONE,0.04159295615570784,64,404.38424397430526,162.9251198719312,"[181.30681509028548,78.29552252524267,144.78190635877712]","[74.53245025388063,36.21811816313378,52.17455145491677]","{""camera_lower"":true,""camera_lower_informative"":true,""camera_upper"":true,""global_lower"":true,""global_lower_informative"":true,""global_upper"":true}",58885.589065906395,"[963.3691074817789,53640.658713965364,4281.56124445926]",False,150,1000,False,False,64,13F/13AT learned preparation plus unmatched evaluator-only dense assembly and alpha-grid solves,13,13
structured_global_upper_95_ablation,jacru_m2,17,8b2a49fe20fc05cac560,development:2101:d7d9a77030834a1d,development,single_interface,2101,0.6662705868862203,1.124383145531388,0.66640936644513,1.1250051828647474,0.6662449200237204,1.0629486642182415,1.081970604280269,True,0.0,0.00020824971241030155,0.0005529195268020371,-3.852466522225232e-05,-0.05779628253103754,False,False,global_upper_only,session_global_conformal_upper_ablation,sensor_only,0.0,eaf09a6ae59cca02326aad75884dc74ad36175ddbffcd00bb41ee438162b8ba4,False,False,True,-3.852466522225232e-05,-0.05779628253103754,0.01947298911678429,0.024561682370980935,3.651741272548377,False,NONE,0.02486485258884917,62,404.38424397430526,236.76191771038236,"[181.30681509028548,78.29552252524267,144.78190635877712]","[106.24445479064227,48.5889564303282,81.92850648941192]","{""camera_lower"":true,""camera_lower_informative"":true,""camera_upper"":false,""global_lower"":true,""global_lower_informative"":true,""global_upper"":true}",58885.589065906395,"[963.3691074817789,53640.658713965364,4281.56124445926]",False,150,1000,False,False,62,13F/13AT learned preparation plus unmatched evaluator-only dense assembly and alpha-grid solves,13,13
structured_target_mismatch_oracle_fraction_025,jacru_m2,17,8b2a49fe20fc05cac560,development:2101:d7d9a77030834a1d,development,single_interface,2101,0.66640936644513,1.1250051828647474,0.66640936644513,1.1250051828647474,0.6662449200237204,1.0629486642182415,1.2311254618494432,False,0.0,0.0,0.0,-0.0002468257790300523,-0.05838148231941763,False,False,joint_two_sided,evaluator_only_fractional_model_mismatch_oracle,exact_target_oracle_triangle_bound,0.25,c5eb1cd3c0204350d33ef156cc8859e6b98ccabe27e31ab085f7d691fafc537f,True,False,True,-0.0002468257790300523,-0.05838148231941763,0.02351023886723101,0.027947628552152767,inf,True,NO_ALPHA_SATISFIED_FROZEN_GATE_RETURN_RAW,0.0,129,404.38424397430526,404.38424397430526,"[181.30681509028548,78.29552252524267,144.78190635877712]","[181.30681509028548,78.29552252524267,144.78190635877712]","{""camera_lower"":true,""camera_lower_informative"":false,""camera_upper"":true,""global_lower"":true,""global_lower_informative"":false,""global_upper"":true}",58885.589065906395,"[963.3691074817789,53640.658713965364,4281.56124445926]",False,150,1000,False,False,129,13F/13AT learned preparation plus unmatched evaluator-only dense assembly and alpha-grid solves,13,13
structured_target_mismatch_oracle_fraction_050,jacru_m2,17,8b2a49fe20fc05cac560,development:2101:d7d9a77030834a1d,development,single_interface,2101,0.66640936644513,1.1250051828647474,0.66640936644513,1.1250051828647474,0.6662449200237204,1.0629486642182415,1.2311254618494432,False,0.0,0.0,0.0,-0.0002468257790300523,-0.05838148231941763,False,False,joint_two_sided,evaluator_only_fractional_model_mismatch_oracle,exact_target_oracle_triangle_bound,0.5,600e8ccb6434976a4c7ffbcb9cf2434dce0b87409a3bb6717821d13f57362139,True,False,True,-0.0002468257790300523,-0.05838148231941763,0.02351023886723101,0.027947628552152767,inf,True,NO_ALPHA_SATISFIED_FROZEN_GATE_RETURN_RAW,0.0,129,404.38424397430526,404.38424397430526,"[181.30681509028548,78.29552252524267,144.78190635877712]","[181.30681509028548,78.29552252524267,144.78190635877712]","{""camera_lower"":true,""camera_lower_informative"":false,""camera_upper"":true,""global_lower"":true,""global_lower_informative"":false,""global_upper"":true}",58885.589065906395,"[963.3691074817789,53640.658713965364,4281.56124445926]",False,150,1000,False,False,129,13F/13AT learned preparation plus unmatched evaluator-only dense assembly and alpha-grid solves,13,13
structured_target_mismatch_oracle_fraction_075,jacru_m2,17,8b2a49fe20fc05cac560,development:2101:d7d9a77030834a1d,development,single_interface,2101,0.66640936644513,1.1250051828647474,0.66640936644513,1.1250051828647474,0.6662449200237204,1.0629486642182415,1.2311254618494432,False,0.0,0.0,0.0,-0.0002468257790300523,-0.05838148231941763,False,False,joint_two_sided,evaluator_only_fractional_model_mismatch_oracle,exact_target_oracle_triangle_bound,0.75,e4705453329291111d7538cfe4d13dea0fc71c3562842c9698774bda91584a7e,True,False,True,-0.0002468257790300523,-0.05838148231941763,0.02351023886723101,0.027947628552152767,inf,True,NO_ALPHA_SATISFIED_FROZEN_GATE_RETURN_RAW,0.0,129,404.38424397430526,404.38424397430526,"[181.30681509028548,78.29552252524267,144.78190635877712]","[181.30681509028548,78.29552252524267,144.78190635877712]","{""camera_lower"":true,""camera_lower_informative"":false,""camera_upper"":true,""global_lower"":true,""global_lower_informative"":false,""global_upper"":true}",58885.589065906395,"[963.3691074817789,53640.658713965364,4281.56124445926]",False,150,1000,False,False,129,13F/13AT learned preparation plus unmatched evaluator-only dense assembly and alpha-grid solves,13,13
structured_exact_target_mismatch_oracle_fraction_100,jacru_m2,17,8b2a49fe20fc05cac560,development:2101:d7d9a77030834a1d,development,single_interface,2101,0.66640936644513,1.1250051828647474,0.66640936644513,1.1250051828647474,0.6662449200237204,1.0629486642182415,1.2311254618494432,False,0.0,0.0,0.0,-0.0002468257790300523,-0.05838148231941763,False,False,joint_two_sided,evaluator_only_exact_model_mismatch_oracle,exact_target_oracle_triangle_bound,1.0,b1445888b77029e83994402878c5862dab0b0dd6ce45e81860ca8c2504673003,True,False,True,-0.0002468257790300523,-0.05838148231941763,0.02351023886723101,0.027947628552152767,inf,True,NO_ALPHA_SATISFIED_FROZEN_GATE_RETURN_RAW,0.0,129,404.38424397430526,404.38424397430526,"[181.30681509028548,78.29552252524267,144.78190635877712]","[181.30681509028548,78.29552252524267,144.78190635877712]","{""camera_lower"":true,""camera_lower_informative"":false,""camera_upper"":true,""global_lower"":true,""global_lower_informative"":false,""global_upper"":true}",58885.589065906395,"[963.3691074817789,53640.658713965364,4281.56124445926]",False,150,1000,False,False,129,13F/13AT learned preparation plus unmatched evaluator-only dense assembly and alpha-grid solves,13,13
structured_joint_two_sided_95,jacru_m2,17,de074814fc16b3b9c717,ood:3109:efb5c7642b3f28db,ood,smooth_no_interface,3109,0.6097483945186859,1.260520399283577,0.6100057713426075,1.2640400979053212,0.5935482138100872,1.0917048403617182,1.0532766238569167,True,0.0,0.0004219252276172625,0.002784483362178843,-0.027293790684006985,-0.15463479933452023,False,True,joint_two_sided,session_joint_conformal_band,sensor_only,0.0,58cc2bb998f749b6b47a201f9d5794fc243826a1d1e3f31678e4ccd8fd1e5589,False,False,True,-0.027293790684006985,-0.15463479933452023,0.014059207033256407,0.039503403567575326,3.651741272548377,False,NONE,0.02375722497480987,62,289.22537016455954,179.93539213614852,"[125.21573085755489,54.140691128742006,109.8689481782626]","[65.62983769036332,32.387524913135685,81.91802953264953]","{""camera_lower"":true,""camera_lower_informative"":true,""camera_upper"":true,""global_lower"":true,""global_lower_informative"":true,""global_upper"":true}",17536.410004258036,"[5786.2560832549625,4824.0963577190205,6926.057563284052]",False,150,1000,False,False,62,13F/13AT learned preparation plus unmatched evaluator-only dense assembly and alpha-grid solves,13,13
isotropic_joint_two_sided_95,jacru_m2,17,de074814fc16b3b9c717,ood:3109:efb5c7642b3f28db,ood,smooth_no_interface,3109,0.6060460106627165,1.2408716267180286,0.6100057713426075,1.2640400979053212,0.5935482138100872,1.0917048403617182,0.6789345584118268,True,0.0,0.006491349534571905,0.01832890525046299,-0.021056076931651124,-0.1366365530694968,False,True,joint_two_sided,session_joint_conformal_band,sensor_only,0.0,1b2ac529c629f8777ba1a31ec5828dcb8e1880e92fe764e14a24684447560259,False,False,True,-0.021056076931651124,-0.1366365530694968,0.01701928090788496,0.025463610650262904,0.1778279410038923,False,NONE,0.1932950245384106,69,682.8557665258639,177.891287790452,"[111.87479923241722,142.90886551410597,428.0721017793407]","[18.209093394320416,32.89538445064378,126.78680994548779]","{""camera_lower"":true,""camera_lower_informative"":true,""camera_upper"":true,""global_lower"":true,""global_lower_informative"":true,""global_upper"":true}",11128.555146391383,"[3143.6612128892284,3122.137769945185,4862.75616355697]",False,150,1000,False,False,69,13F/13AT learned preparation plus unmatched evaluator-only dense assembly and alpha-grid solves,13,13
structured_joint_upper_95_ablation,jacru_m2,17,de074814fc16b3b9c717,ood:3109:efb5c7642b3f28db,ood,smooth_no_interface,3109,0.6096365194523787,1.259270052951076,0.6100057713426075,1.2640400979053212,0.5935482138100872,1.0917048403617182,1.0403778801820487,True,0.0,0.0006053252404744052,0.003773650030683157,-0.027105305462917666,-0.15348948396513284,False,True,joint_upper_only,session_joint_conformal_upper_ablation,sensor_only,0.0,8fd9be9b5b38f474263081971d54b19db07d2201449bd8de2b4e7565d4f747b7,False,False,True,-0.027105305462917666,-0.15348948396513284,0.012772941612764745,0.03901963295559956,2.371373705661655,False,NONE,0.03149659796338358,63,289.22537016455954,153.25071811934205,"[125.21573085755489,54.140691128742006,109.8689481782626]","[51.60915679685916,27.324426863852608,74.31713445863028]","{""camera_lower"":false,""camera_lower_informative"":true,""camera_upper"":true,""global_lower"":true,""global_lower_informative"":true,""global_upper"":true}",17536.410004258036,"[5786.2560832549625,4824.0963577190205,6926.057563284052]",False,150,1000,False,False,63,13F/13AT learned preparation plus unmatched evaluator-only dense assembly and alpha-grid solves,13,13
structured_global_upper_95_ablation,jacru_m2,17,de074814fc16b3b9c717,ood:3109:efb5c7642b3f28db,ood,smooth_no_interface,3109,0.6098317198549627,1.2615274379002102,0.6100057713426075,1.2640400979053212,0.5935482138100872,1.0917048403617182,1.0647368374559145,True,0.0,0.0002853276080679349,0.0019878008690348372,-0.027434175802415264,-0.15555724520029063,False,True,global_upper_only,session_global_conformal_upper_ablation,sensor_only,0.0,991f72955e741e12fcd05450698366e73c4f2b994d95c42def649054d9bf0e7e,False,False,True,-0.027434175802415264,-0.15555724520029063,0.015180893085531107,0.03993322174878023,5.623413251903491,False,NONE,0.017330181234479207,61,289.22537016455954,205.2262753634426,"[125.21573085755489,54.140691128742006,109.8689481782626]","[79.14204413839396,37.31550468489139,88.76872654015725]","{""camera_lower"":true,""camera_lower_informative"":true,""camera_upper"":false,""global_lower"":true,""global_lower_informative"":true,""global_upper"":true}",17536.410004258036,"[5786.2560832549625,4824.0963577190205,6926.057563284052]",False,150,1000,False,False,61,13F/13AT learned preparation plus unmatched evaluator-only dense assembly and alpha-grid solves,13,13
structured_target_mismatch_oracle_fraction_025,jacru_m2,17,de074814fc16b3b9c717,ood:3109:efb5c7642b3f28db,ood,smooth_no_interface,3109,0.6100057713426075,1.2640400979053212,0.6100057713426075,1.2640400979053212,0.5935482138100872,1.0917048403617182,1.0998609850716448,False,0.0,0.0,0.0,-0.027727414807428113,-0.15785883800469602,False,True,joint_two_sided,evaluator_only_fractional_model_mismatch_oracle,exact_target_oracle_triangle_bound,0.25,59834e63219be6cebe5400a8922e5015718d1ce00a18f8a728187ecb3284207d,True,False,True,-0.027727414807428113,-0.15785883800469602,0.018434114731102045,0.041250561701840625,inf,True,NO_ALPHA_SATISFIED_FROZEN_GATE_RETURN_RAW,0.0,129,289.22537016455954,289.22537016455954,"[125.21573085755489,54.140691128742006,109.8689481782626]","[125.21573085755489,54.140691128742006,109.8689481782626]","{""camera_lower"":true,""camera_lower_informative"":false,""camera_upper"":true,""global_lower"":true,""global_lower_informative"":false,""global_upper"":true}",17536.410004258036,"[5786.2560832549625,4824.0963577190205,6926.057563284052]",False,150,1000,False,False,129,13F/13AT learned preparation plus unmatched evaluator-only dense assembly and alpha-grid solves,13,13
structured_target_mismatch_oracle_fraction_050,jacru_m2,17,de074814fc16b3b9c717,ood:3109:efb5c7642b3f28db,ood,smooth_no_interface,3109,0.6100057713426075,1.2640400979053212,0.6100057713426075,1.2640400979053212,0.5935482138100872,1.0917048403617182,1.0998609850716448,False,0.0,0.0,0.0,-0.027727414807428113,-0.15785883800469602,False,True,joint_two_sided,evaluator_only_fractional_model_mismatch_oracle,exact_target_oracle_triangle_bound,0.5,6213bc0687b702a48a7e1d498d46b981fb6a43d93b44b2f017a7986c1baf4a00,True,False,True,-0.027727414807428113,-0.15785883800469602,0.018434114731102045,0.041250561701840625,inf,True,NO_ALPHA_SATISFIED_FROZEN_GATE_RETURN_RAW,0.0,129,289.22537016455954,289.22537016455954,"[125.21573085755489,54.140691128742006,109.8689481782626]","[125.21573085755489,54.140691128742006,109.8689481782626]","{""camera_lower"":true,""camera_lower_informative"":false,""camera_upper"":true,""global_lower"":true,""global_lower_informative"":false,""global_upper"":true}",17536.410004258036,"[5786.2560832549625,4824.0963577190205,6926.057563284052]",False,150,1000,False,False,129,13F/13AT learned preparation plus unmatched evaluator-only dense assembly and alpha-grid solves,13,13
structured_target_mismatch_oracle_fraction_075,jacru_m2,17,de074814fc16b3b9c717,ood:3109:efb5c7642b3f28db,ood,smooth_no_interface,3109,0.6100057713426075,1.2640400979053212,0.6100057713426075,1.2640400979053212,0.5935482138100872,1.0917048403617182,1.0998609850716448,False,0.0,0.0,0.0,-0.027727414807428113,-0.15785883800469602,False,True,joint_two_sided,evaluator_only_fractional_model_mismatch_oracle,exact_target_oracle_triangle_bound,0.75,16bc45c63ae0e8c967816a8730e8b30ec22beb0088c06938636b246f304f6253,True,False,True,-0.027727414807428113,-0.15785883800469602,0.018434114731102045,0.041250561701840625,inf,True,NO_ALPHA_SATISFIED_FROZEN_GATE_RETURN_RAW,0.0,129,289.22537016455954,289.22537016455954,"[125.21573085755489,54.140691128742006,109.8689481782626]","[125.21573085755489,54.140691128742006,109.8689481782626]","{""camera_lower"":true,""camera_lower_informative"":false,""camera_upper"":true,""global_lower"":true,""global_lower_informative"":false,""global_upper"":true}",17536.410004258036,"[5786.2560832549625,4824.0963577190205,6926.057563284052]",False,150,1000,False,False,129,13F/13AT learned preparation plus unmatched evaluator-only dense assembly and alpha-grid solves,13,13
structured_exact_target_mismatch_oracle_fraction_100,jacru_m2,17,de074814fc16b3b9c717,ood:3109:efb5c7642b3f28db,ood,smooth_no_interface,3109,0.6100057713426075,1.2640400979053212,0.6100057713426075,1.2640400979053212,0.5935482138100872,1.0917048403617182,1.0998609850716448,False,0.0,0.0,0.0,-0.027727414807428113,-0.15785883800469602,False,True,joint_two_sided,evaluator_only_exact_model_mismatch_oracle,exact_target_oracle_triangle_bound,1.0,671a9d1beaa72c6f490fea827d720431e04efad99f1dd5fcc255cedacb566fc7,True,False,True,-0.027727414807428113,-0.15785883800469602,0.018434114731102045,0.041250561701840625,inf,True,NO_ALPHA_SATISFIED_FROZEN_GATE_RETURN_RAW,0.0,129,289.22537016455954,289.22537016455954,"[125.21573085755489,54.140691128742006,109.8689481782626]","[125.21573085755489,54.140691128742006,109.8689481782626]","{""camera_lower"":true,""camera_lower_informative"":false,""camera_upper"":true,""global_lower"":true,""global_lower_informative"":false,""global_upper"":true}",17536.410004258036,"[5786.2560832549625,4824.0963577190205,6926.057563284052]",False,150,1000,False,False,129,13F/13AT learned preparation plus unmatched evaluator-only dense assembly and alpha-grid solves,13,13
structured_joint_two_sided_95,jacru_m2,17,5b2c960052a2205fbab9,ood:3109:efb5c7642b3f28db,ood,single_interface,3109,0.7054456309241997,1.1874370501158493,0.7055405311376708,1.1881061843490393,0.687697898694753,1.0656736751936888,1.0160431242305246,True,0.0,0.0001345071038202635,0.0005631939653243575,-0.025807454498744005,-0.11425953155878577,False,True,joint_two_sided,session_joint_conformal_band,sensor_only,0.0,58cc2bb998f749b6b47a201f9d5794fc243826a1d1e3f31678e4ccd8fd1e5589,False,False,True,-0.025807454498744005,-0.11425953155878577,0.016243201835576707,0.052975534190605286,3.651741272548377,False,NONE,0.022351961728440204,62,287.28321051410853,188.10469522336334,"[93.95296675896826,85.26544938570156,108.06479436943872]","[48.43968195213382,52.83190249494441,86.83311077628508]","{""camera_lower"":true,""camera_lower_informative"":true,""camera_upper"":true,""global_lower"":true,""global_lower_informative"":true,""global_upper"":true}",45288.4685061701,"[4129.242775851113,40880.93853108861,278.2871992303817]",False,150,1000,False,False,62,13F/13AT learned preparation plus unmatched evaluator-only dense assembly and alpha-grid solves,13,13
isotropic_joint_two_sided_95,jacru_m2,17,5b2c960052a2205fbab9,ood:3109:efb5c7642b3f28db,ood,single_interface,3109,0.7055405311376708,1.1881061843490393,0.7055405311376708,1.1881061843490393,0.687697898694753,1.0656736751936888,1.0517722485356353,False,0.0,0.0,0.0,-0.02594545145009613,-0.11488742943105731,False,True,joint_two_sided,session_joint_conformal_band,sensor_only,0.0,1b2ac529c629f8777ba1a31ec5828dcb8e1880e92fe764e14a24684447560259,False,False,True,-0.02594545145009613,-0.11488742943105731,0.020481207187487152,0.05483841717370625,inf,True,NO_ALPHA_SATISFIED_FROZEN_GATE_RETURN_RAW,0.0,129,752.5442111281351,752.5442111281351,"[89.30185658271888,157.41175106759692,505.8306034778192]","[89.30185658271888,157.41175106759692,505.8306034778192]","{""camera_lower"":true,""camera_lower_informative"":true,""camera_upper"":false,""global_lower"":true,""global_lower_informative"":true,""global_upper"":false}",27651.56466658285,"[2208.199008354768,25217.33808883672,226.02756939136066]",False,150,1000,False,False,129,13F/13AT learned preparation plus unmatched evaluator-only dense assembly and alpha-grid solves,13,13
structured_joint_upper_95_ablation,jacru_m2,17,5b2c960052a2205fbab9,ood:3109:efb5c7642b3f28db,ood,single_interface,3109,0.7053795161250415,1.1866666378487474,0.7055405311376708,1.1881061843490393,0.687697898694753,1.0656736751936888,0.9851522785256704,True,0.0,0.00022821511383576352,0.0012116311818380118,-0.02571131519210416,-0.11353659705731942,False,True,joint_upper_only,session_joint_conformal_upper_ablation,sensor_only,0.0,8fd9be9b5b38f474263081971d54b19db07d2201449bd8de2b4e7565d4f747b7,False,False,True,-0.02571131519210416,-0.11353659705731942,0.012975711738544341,0.05136491450942439,1.0,False,NONE,0.04561192002746099,65,287.28321051410853,125.8936461420385,"[93.95296675896826,85.26544938570156,108.06479436943872]","[20.92054443663188,33.687927005466,71.28517469994063]","{""camera_lower"":false,""camera_lower_informative"":true,""camera_upper"":true,""global_lower"":true,""global_lower_informative"":true,""global_upper"":true}",45288.4685061701,"[4129.242775851113,40880.93853108861,278.2871992303817]",False,150,1000,False,False,65,13F/13AT learned preparation plus unmatched evaluator-only dense assembly and alpha-grid solves,13,13
structured_global_upper_95_ablation,jacru_m2,17,5b2c960052a2205fbab9,ood:3109:efb5c7642b3f28db,ood,single_interface,3109,0.7054705408616034,1.1876261247983344,0.7055405311376708,1.1881061843490393,0.687697898694753,1.0656736751936888,1.0246148259354535,True,0.0,9.920092890269169e-05,0.00040405441620344003,-0.025843676708308786,-0.11443695424162599,False,True,global_upper_only,session_global_conformal_upper_ablation,sensor_only,0.0,991f72955e741e12fcd05450698366e73c4f2b994d95c42def649054d9bf0e7e,False,False,True,-0.025843676708308786,-0.11443695424162599,0.01725994608407296,0.05342245466662842,5.623413251903491,False,NONE,0.016476177601878948,61,287.28321051410853,209.97659624734274,"[93.95296675896826,85.26544938570156,108.06479436943872]","[58.41843637010657,59.87498900848381,91.68317086875236]","{""camera_lower"":true,""camera_lower_informative"":true,""camera_upper"":false,""global_lower"":true,""global_lower_informative"":true,""global_upper"":true}",45288.4685061701,"[4129.242775851113,40880.93853108861,278.2871992303817]",False,150,1000,False,False,61,13F/13AT learned preparation plus unmatched evaluator-only dense assembly and alpha-grid solves,13,13
structured_target_mismatch_oracle_fraction_025,jacru_m2,17,5b2c960052a2205fbab9,ood:3109:efb5c7642b3f28db,ood,single_interface,3109,0.7055405311376708,1.1881061843490393,0.7055405311376708,1.1881061843490393,0.687697898694753,1.0656736751936888,1.0517722485356353,False,0.0,0.0,0.0,-0.02594545145009613,-0.11488742943105731,False,True,joint_two_sided,evaluator_only_fractional_model_mismatch_oracle,exact_target_oracle_triangle_bound,0.25,59834e63219be6cebe5400a8922e5015718d1ce00a18f8a728187ecb3284207d,True,False,True,-0.02594545145009613,-0.11488742943105731,0.020481207187487152,0.05483841717370625,inf,True,NO_ALPHA_SATISFIED_FROZEN_GATE_RETURN_RAW,0.0,129,287.28321051410853,287.28321051410853,"[93.95296675896826,85.26544938570156,108.06479436943872]","[93.95296675896826,85.26544938570156,108.06479436943872]","{""camera_lower"":true,""camera_lower_informative"":false,""camera_upper"":true,""global_lower"":true,""global_lower_informative"":false,""global_upper"":true}",45288.4685061701,"[4129.242775851113,40880.93853108861,278.2871992303817]",False,150,1000,False,False,129,13F/13AT learned preparation plus unmatched evaluator-only dense assembly and alpha-grid solves,13,13
structured_target_mismatch_oracle_fraction_050,jacru_m2,17,5b2c960052a2205fbab9,ood:3109:efb5c7642b3f28db,ood,single_interface,3109,0.7055405311376708,1.1881061843490393,0.7055405311376708,1.1881061843490393,0.687697898694753,1.0656736751936888,1.0517722485356353,False,0.0,0.0,0.0,-0.02594545145009613,-0.11488742943105731,False,True,joint_two_sided,evaluator_only_fractional_model_mismatch_oracle,exact_target_oracle_triangle_bound,0.5,6213bc0687b702a48a7e1d498d46b981fb6a43d93b44b2f017a7986c1baf4a00,True,False,True,-0.02594545145009613,-0.11488742943105731,0.020481207187487152,0.05483841717370625,inf,True,NO_ALPHA_SATISFIED_FROZEN_GATE_RETURN_RAW,0.0,129,287.28321051410853,287.28321051410853,"[93.95296675896826,85.26544938570156,108.06479436943872]","[93.95296675896826,85.26544938570156,108.06479436943872]","{""camera_lower"":true,""camera_lower_informative"":false,""camera_upper"":true,""global_lower"":true,""global_lower_informative"":false,""global_upper"":true}",45288.4685061701,"[4129.242775851113,40880.93853108861,278.2871992303817]",False,150,1000,False,False,129,13F/13AT learned preparation plus unmatched evaluator-only dense assembly and alpha-grid solves,13,13
structured_target_mismatch_oracle_fraction_075,jacru_m2,17,5b2c960052a2205fbab9,ood:3109:efb5c7642b3f28db,ood,single_interface,3109,0.7055405311376708,1.1881061843490393,0.7055405311376708,1.1881061843490393,0.687697898694753,1.0656736751936888,1.0517722485356353,False,0.0,0.0,0.0,-0.02594545145009613,-0.11488742943105731,False,True,joint_two_sided,evaluator_only_fractional_model_mismatch_oracle,exact_target_oracle_triangle_bound,0.75,16bc45c63ae0e8c967816a8730e8b30ec22beb0088c06938636b246f304f6253,True,False,True,-0.02594545145009613,-0.11488742943105731,0.020481207187487152,0.05483841717370625,inf,True,NO_ALPHA_SATISFIED_FROZEN_GATE_RETURN_RAW,0.0,129,287.28321051410853,287.28321051410853,"[93.95296675896826,85.26544938570156,108.06479436943872]","[93.95296675896826,85.26544938570156,108.06479436943872]","{""camera_lower"":true,""camera_lower_informative"":false,""camera_upper"":true,""global_lower"":true,""global_lower_informative"":false,""global_upper"":true}",45288.4685061701,"[4129.242775851113,40880.93853108861,278.2871992303817]",False,150,1000,False,False,129,13F/13AT learned preparation plus unmatched evaluator-only dense assembly and alpha-grid solves,13,13
structured_exact_target_mismatch_oracle_fraction_100,jacru_m2,17,5b2c960052a2205fbab9,ood:3109:efb5c7642b3f28db,ood,single_interface,3109,0.7055405311376708,1.1881061843490393,0.7055405311376708,1.1881061843490393,0.687697898694753,1.0656736751936888,1.0517722485356353,False,0.0,0.0,0.0,-0.02594545145009613,-0.11488742943105731,False,True,joint_two_sided,evaluator_only_exact_model_mismatch_oracle,exact_target_oracle_triangle_bound,1.0,671a9d1beaa72c6f490fea827d720431e04efad99f1dd5fcc255cedacb566fc7,True,False,True,-0.02594545145009613,-0.11488742943105731,0.020481207187487152,0.05483841717370625,inf,True,NO_ALPHA_SATISFIED_FROZEN_GATE_RETURN_RAW,0.0,129,287.28321051410853,287.28321051410853,"[93.95296675896826,85.26544938570156,108.06479436943872]","[93.95296675896826,85.26544938570156,108.06479436943872]","{""camera_lower"":true,""camera_lower_informative"":false,""camera_upper"":true,""global_lower"":true,""global_lower_informative"":false,""global_upper"":true}",45288.4685061701,"[4129.242775851113,40880.93853108861,278.2871992303817]",False,150,1000,False,False,129,13F/13AT learned preparation plus unmatched evaluator-only dense assembly and alpha-grid solves,13,13
structured_joint_two_sided_95,jacru_m2,17,8c0534437252e57531b4,ood:3109:efb5c7642b3f28db,ood,two_interface,3109,0.7434061283337444,1.3801215911109634,0.7435595908921313,1.3787576699894082,0.6065993716332124,1.0464461012043476,1.0302749884059663,True,0.0,0.00020638905108164802,-0.000989239190644527,-0.22553066009975006,-0.3188654337023102,False,True,joint_two_sided,session_joint_conformal_band,sensor_only,0.0,58cc2bb998f749b6b47a201f9d5794fc243826a1d1e3f31678e4ccd8fd1e5589,False,False,True,-0.22553066009975006,-0.3188654337023102,0.02810861480857501,0.09203747577615333,13.33521432163324,False,NONE,0.0075139930189063045,59,223.52285005227412,188.6120432962573,"[95.99442326782274,48.036255349864334,79.492171434587]","[76.51446567659436,40.5486946756659,71.54888294399709]","{""camera_lower"":true,""camera_lower_informative"":true,""camera_upper"":true,""global_lower"":true,""global_lower_informative"":true,""global_upper"":true}",13431.025972646054,"[244.5244116990447,13060.99168485874,125.50987608826601]",False,150,1000,False,False,59,13F/13AT learned preparation plus unmatched evaluator-only dense assembly and alpha-grid solves,13,13
isotropic_joint_two_sided_95,jacru_m2,17,8c0534437252e57531b4,ood:3109:efb5c7642b3f28db,ood,two_interface,3109,0.7302946123874344,1.3654617994198266,0.7435595908921313,1.3787576699894082,0.6065993716332124,1.0464461012043476,0.6898188642005855,True,0.0,0.017839832431966084,0.009643370157776698,-0.20391587353805538,-0.30485631113568684,False,True,joint_two_sided,session_joint_conformal_band,sensor_only,0.0,1b2ac529c629f8777ba1a31ec5828dcb8e1880e92fe764e14a24684447560259,False,False,True,-0.20391587353805538,-0.30485631113568684,0.03368445327187015,0.06162353519037183,0.1778279410038923,False,NONE,0.1890085296631798,69,656.0374222960236,196.07968915785506,"[125.16949700472031,155.3327110185575,375.5352142727457]","[33.00780485942721,40.87880354464716,122.19308075378065]","{""camera_lower"":true,""camera_lower_informative"":true,""camera_upper"":true,""global_lower"":true,""global_lower_informative"":true,""global_upper"":true}",8194.525968397114,"[134.70455748169036,7968.307139718291,91.51427119713418]",False,150,1000,False,False,69,13F/13AT learned preparation plus unmatched evaluator-only dense assembly and alpha-grid solves,13,13
structured_joint_upper_95_ablation,jacru_m2,17,8c0534437252e57531b4,ood:3109:efb5c7642b3f28db,ood,two_interface,3109,0.7432679831419958,1.3815729002006765,0.7435595908921313,1.3787576699894082,0.6065993716332124,1.0464461012043476,1.0197929674519413,True,0.0,0.00039217804962424934,-0.002041860054559051,-0.2253029229832795,-0.32025232700531236,False,True,joint_upper_only,session_joint_conformal_upper_ablation,sensor_only,0.0,8fd9be9b5b38f474263081971d54b19db07d2201449bd8de2b4e7565d4f747b7,False,False,True,-0.2253029229832795,-0.32025232700531236,0.025049993065309365,0.09110108620977761,5.623413251903491,False,NONE,0.015041691092607903,61,223.52285005227412,158.91967484628373,"[95.99442326782274,48.036255349864334,79.492171434587]","[59.928365182777824,34.244824188069956,64.74648547543597]","{""camera_lower"":true,""camera_lower_informative"":true,""camera_upper"":true,""global_lower"":true,""global_lower_informative"":true,""global_upper"":true}",13431.025972646054,"[244.5244116990447,13060.99168485874,125.50987608826601]",False,150,1000,False,False,61,13F/13AT learned preparation plus unmatched evaluator-only dense assembly and alpha-grid solves,13,13
structured_global_upper_95_ablation,jacru_m2,17,8c0534437252e57531b4,ood:3109:efb5c7642b3f28db,ood,two_interface,3109,0.7434871379741397,1.3793725639604864,0.7435595908921313,1.3787576699894082,0.6065993716332124,1.0464461012043476,1.0364733445980139,True,0.0,9.744063405153304e-05,-0.00044597682715548647,-0.22566420728786724,-0.31814965182915395,False,True,global_upper_only,session_global_conformal_upper_ablation,sensor_only,0.0,991f72955e741e12fcd05450698366e73c4f2b994d95c42def649054d9bf0e7e,False,False,True,-0.22566420728786724,-0.31814965182915395,0.02983496523342004,0.09259119304998543,31.622776601683793,False,NONE,0.0034561970376259903,57,223.52285005227412,206.77502112210914,"[95.99442326782274,48.036255349864334,79.492171434587]","[86.63736231346688,44.44400997999915,75.6936488286431]","{""camera_lower"":true,""camera_lower_informative"":true,""camera_upper"":false,""global_lower"":true,""global_lower_informative"":true,""global_upper"":true}",13431.025972646054,"[244.5244116990447,13060.99168485874,125.50987608826601]",False,150,1000,False,False,57,13F/13AT learned preparation plus unmatched evaluator-only dense assembly and alpha-grid solves,13,13
structured_target_mismatch_oracle_fraction_025,jacru_m2,17,8c0534437252e57531b4,ood:3109:efb5c7642b3f28db,ood,two_interface,3109,0.7435595908921313,1.3787576699894082,0.7435595908921313,1.3787576699894082,0.6065993716332124,1.0464461012043476,1.0420908493689898,False,0.0,0.0,0.0,-0.22578364842377963,-0.31756204968665425,False,True,joint_two_sided,evaluator_only_fractional_model_mismatch_oracle,exact_target_oracle_triangle_bound,0.25,59834e63219be6cebe5400a8922e5015718d1ce00a18f8a728187ecb3284207d,True,False,True,-0.22578364842377963,-0.31756204968665425,0.031347294178917684,0.09309302116878801,inf,True,NO_ALPHA_SATISFIED_FROZEN_GATE_RETURN_RAW,0.0,129,223.52285005227412,223.52285005227412,"[95.99442326782274,48.036255349864334,79.492171434587]","[95.99442326782274,48.036255349864334,79.492171434587]","{""camera_lower"":true,""camera_lower_informative"":false,""camera_upper"":true,""global_lower"":true,""global_lower_informative"":false,""global_upper"":true}",13431.025972646054,"[244.5244116990447,13060.99168485874,125.50987608826601]",False,150,1000,False,False,129,13F/13AT learned preparation plus unmatched evaluator-only dense assembly and alpha-grid solves,13,13
structured_target_mismatch_oracle_fraction_050,jacru_m2,17,8c0534437252e57531b4,ood:3109:efb5c7642b3f28db,ood,two_interface,3109,0.7435595908921313,1.3787576699894082,0.7435595908921313,1.3787576699894082,0.6065993716332124,1.0464461012043476,1.0420908493689898,False,0.0,0.0,0.0,-0.22578364842377963,-0.31756204968665425,False,True,joint_two_sided,evaluator_only_fractional_model_mismatch_oracle,exact_target_oracle_triangle_bound,0.5,6213bc0687b702a48a7e1d498d46b981fb6a43d93b44b2f017a7986c1baf4a00,True,False,True,-0.22578364842377963,-0.31756204968665425,0.031347294178917684,0.09309302116878801,inf,True,NO_ALPHA_SATISFIED_FROZEN_GATE_RETURN_RAW,0.0,129,223.52285005227412,223.52285005227412,"[95.99442326782274,48.036255349864334,79.492171434587]","[95.99442326782274,48.036255349864334,79.492171434587]","{""camera_lower"":true,""camera_lower_informative"":false,""camera_upper"":true,""global_lower"":true,""global_lower_informative"":false,""global_upper"":true}",13431.025972646054,"[244.5244116990447,13060.99168485874,125.50987608826601]",False,150,1000,False,False,129,13F/13AT learned preparation plus unmatched evaluator-only dense assembly and alpha-grid solves,13,13
structured_target_mismatch_oracle_fraction_075,jacru_m2,17,8c0534437252e57531b4,ood:3109:efb5c7642b3f28db,ood,two_interface,3109,0.7435595908921313,1.3787576699894082,0.7435595908921313,1.3787576699894082,0.6065993716332124,1.0464461012043476,1.0420908493689898,False,0.0,0.0,0.0,-0.22578364842377963,-0.31756204968665425,False,True,joint_two_sided,evaluator_only_fractional_model_mismatch_oracle,exact_target_oracle_triangle_bound,0.75,16bc45c63ae0e8c967816a8730e8b30ec22beb0088c06938636b246f304f6253,True,False,True,-0.22578364842377963,-0.31756204968665425,0.031347294178917684,0.09309302116878801,inf,True,NO_ALPHA_SATISFIED_FROZEN_GATE_RETURN_RAW,0.0,129,223.52285005227412,223.52285005227412,"[95.99442326782274,48.036255349864334,79.492171434587]","[95.99442326782274,48.036255349864334,79.492171434587]","{""camera_lower"":true,""camera_lower_informative"":false,""camera_upper"":true,""global_lower"":true,""global_lower_informative"":false,""global_upper"":true}",13431.025972646054,"[244.5244116990447,13060.99168485874,125.50987608826601]",False,150,1000,False,False,129,13F/13AT learned preparation plus unmatched evaluator-only dense assembly and alpha-grid solves,13,13
structured_exact_target_mismatch_oracle_fraction_100,jacru_m2,17,8c0534437252e57531b4,ood:3109:efb5c7642b3f28db,ood,two_interface,3109,0.7435595908921313,1.3787576699894082,0.7435595908921313,1.3787576699894082,0.6065993716332124,1.0464461012043476,1.0420908493689898,False,0.0,0.0,0.0,-0.22578364842377963,-0.31756204968665425,False,True,joint_two_sided,evaluator_only_exact_model_mismatch_oracle,exact_target_oracle_triangle_bound,1.0,671a9d1beaa72c6f490fea827d720431e04efad99f1dd5fcc255cedacb566fc7,True,False,True,-0.22578364842377963,-0.31756204968665425,0.031347294178917684,0.09309302116878801,inf,True,NO_ALPHA_SATISFIED_FROZEN_GATE_RETURN_RAW,0.0,129,223.52285005227412,223.52285005227412,"[95.99442326782274,48.036255349864334,79.492171434587]","[95.99442326782274,48.036255349864334,79.492171434587]","{""camera_lower"":true,""camera_lower_informative"":false,""camera_upper"":true,""global_lower"":true,""global_lower_informative"":false,""global_upper"":true}",13431.025972646054,"[244.5244116990447,13060.99168485874,125.50987608826601]",False,150,1000,False,False,129,13F/13AT learned preparation plus unmatched evaluator-only dense assembly and alpha-grid solves,13,13
structured_joint_two_sided_95,pooled_cnn,17,170f9e9fcd7f86632b9a,development:2101:d7d9a77030834a1d,development,smooth_no_interface,2101,0.5809487866795722,1.1722478451322549,0.5809487866795722,1.1722478451322549,0.560046367763596,1.000428666048643,1.2275224685732231,False,0.0,0.0,0.0,-0.03732265776393615,-0.17174555759406604,False,True,joint_two_sided,session_joint_conformal_band,sensor_only,0.0,6afcfa8ba0164183ef84bca1477dd3b88098ee0100faf44f24a745354897dab1,False,False,True,-0.03732265776393615,-0.17174555759406604,0.03304184356850485,0.045965298329768506,inf,True,NO_ALPHA_SATISFIED_FROZEN_GATE_RETURN_RAW,0.0,129,778.065267183373,778.065267183373,"[275.33385122468957,355.2643986606421,147.46701729804118]","[275.33385122468957,355.2643986606421,147.46701729804118]","{""camera_lower"":true,""camera_lower_informative"":true,""camera_upper"":false,""global_lower"":true,""global_lower_informative"":true,""global_upper"":false}",20515.34356071398,"[4734.2152027456395,11874.76708991783,3906.361268050512]",False,150,1000,False,False,129,13F/13AT learned preparation plus unmatched evaluator-only dense assembly and alpha-grid solves,13,13
isotropic_joint_two_sided_95,pooled_cnn,17,170f9e9fcd7f86632b9a,development:2101:d7d9a77030834a1d,development,smooth_no_interface,2101,0.5784773055021502,1.161468774499973,0.5809487866795722,1.1722478451322549,0.560046367763596,1.000428666048643,0.8726960392199943,True,0.0,0.004254215232202882,0.009195214712521637,-0.03290966391256764,-0.16097110560354522,False,True,joint_two_sided,session_joint_conformal_band,sensor_only,0.0,0bd5e37a30ed1391568f5908773ec8e9ea6a36e4001aa4c70af6ca635cc7e76d,False,False,True,-0.03290966391256764,-0.16097110560354522,0.014882308352286199,0.03267861470640084,0.4216965034285822,False,NONE,0.09919560824563671,67,650.7928121942331,172.26800347677533,"[268.3801182957601,244.82759517456623,137.5850987239067]","[88.05093448023766,50.82502935407857,33.39203964245912]","{""camera_lower"":true,""camera_lower_informative"":true,""camera_upper"":true,""global_lower"":true,""global_lower_informative"":true,""global_upper"":true}",12340.01337459189,"[2621.184294157247,6891.510862932017,2827.318217502627]",False,150,1000,False,False,67,13F/13AT learned preparation plus unmatched evaluator-only dense assembly and alpha-grid solves,13,13
structured_joint_upper_95_ablation,pooled_cnn,17,170f9e9fcd7f86632b9a,development:2101:d7d9a77030834a1d,development,smooth_no_interface,2101,0.5798630332401346,1.1656084958448463,0.5809487866795722,1.1722478451322549,0.560046367763596,1.000428666048643,0.970413880647659,True,0.0,0.0018689314175923699,0.005663776064915309,-0.03538397285866072,-0.16510905315079394,False,True,joint_upper_only,session_joint_conformal_upper_ablation,sensor_only,0.0,37e10e3c022972891673dbb124f1d325610253e386a60b40b23c354c21724f4e,False,False,True,-0.03538397285866072,-0.16510905315079394,0.014724749192487643,0.03633771655451963,1.0,False,NONE,0.07449169253234231,65,778.065267183373,137.5393645345676,"[275.33385122468957,355.2643986606421,147.46701729804118]","[47.35997603120644,64.46455403673912,25.71483446662201]","{""camera_lower"":false,""camera_lower_informative"":true,""camera_upper"":true,""global_lower"":true,""global_lower_informative"":true,""global_upper"":true}",20515.34356071398,"[4734.2152027456395,11874.76708991783,3906.361268050512]",False,150,1000,False,False,65,13F/13AT learned preparation plus unmatched evaluator-only dense assembly and alpha-grid solves,13,13
structured_global_upper_95_ablation,pooled_cnn,17,170f9e9fcd7f86632b9a,development:2101:d7d9a77030834a1d,development,smooth_no_interface,2101,0.5800603041985122,1.1667257349499935,0.5809487866795722,1.1722478451322549,0.560046367763596,1.000428666048643,0.9949222946804432,True,0.0,0.0015293645523181793,0.004710701926381727,-0.03573621326183551,-0.16622581353867844,False,True,global_upper_only,session_global_conformal_upper_ablation,sensor_only,0.0,eaf09a6ae59cca02326aad75884dc74ad36175ddbffcd00bb41ee438162b8ba4,False,False,True,-0.03573621326183551,-0.16622581353867844,0.017224344714483482,0.03725544848321973,1.539926526059492,False,NONE,0.0624621472285201,64,778.065267183373,196.43974876175008,"[275.33385122468957,355.2643986606421,147.46701729804118]","[63.969362142982774,96.32058833640511,36.149798282362184]","{""camera_lower"":true,""camera_lower_informative"":true,""camera_upper"":false,""global_lower"":true,""global_lower_informative"":true,""global_upper"":true}",20515.34356071398,"[4734.2152027456395,11874.76708991783,3906.361268050512]",False,150,1000,False,False,64,13F/13AT learned preparation plus unmatched evaluator-only dense assembly and alpha-grid solves,13,13
structured_target_mismatch_oracle_fraction_025,pooled_cnn,17,170f9e9fcd7f86632b9a,development:2101:d7d9a77030834a1d,development,smooth_no_interface,2101,0.5809487866795722,1.1722478451322549,0.5809487866795722,1.1722478451322549,0.560046367763596,1.000428666048643,1.2275224685732231,False,0.0,0.0,0.0,-0.03732265776393615,-0.17174555759406604,False,True,joint_two_sided,evaluator_only_fractional_model_mismatch_oracle,exact_target_oracle_triangle_bound,0.25,c5eb1cd3c0204350d33ef156cc8859e6b98ccabe27e31ab085f7d691fafc537f,True,False,True,-0.03732265776393615,-0.17174555759406604,0.03304184356850485,0.045965298329768506,inf,True,NO_ALPHA_SATISFIED_FROZEN_GATE_RETURN_RAW,0.0,129,778.065267183373,778.065267183373,"[275.33385122468957,355.2643986606421,147.46701729804118]","[275.33385122468957,355.2643986606421,147.46701729804118]","{""camera_lower"":true,""camera_lower_informative"":false,""camera_upper"":true,""global_lower"":true,""global_lower_informative"":false,""global_upper"":true}",20515.34356071398,"[4734.2152027456395,11874.76708991783,3906.361268050512]",False,150,1000,False,False,129,13F/13AT learned preparation plus unmatched evaluator-only dense assembly and alpha-grid solves,13,13
structured_target_mismatch_oracle_fraction_050,pooled_cnn,17,170f9e9fcd7f86632b9a,development:2101:d7d9a77030834a1d,development,smooth_no_interface,2101,0.5809487866795722,1.1722478451322549,0.5809487866795722,1.1722478451322549,0.560046367763596,1.000428666048643,1.2275224685732231,False,0.0,0.0,0.0,-0.03732265776393615,-0.17174555759406604,False,True,joint_two_sided,evaluator_only_fractional_model_mismatch_oracle,exact_target_oracle_triangle_bound,0.5,600e8ccb6434976a4c7ffbcb9cf2434dce0b87409a3bb6717821d13f57362139,True,False,True,-0.03732265776393615,-0.17174555759406604,0.03304184356850485,0.045965298329768506,inf,True,NO_ALPHA_SATISFIED_FROZEN_GATE_RETURN_RAW,0.0,129,778.065267183373,778.065267183373,"[275.33385122468957,355.2643986606421,147.46701729804118]","[275.33385122468957,355.2643986606421,147.46701729804118]","{""camera_lower"":true,""camera_lower_informative"":false,""camera_upper"":true,""global_lower"":true,""global_lower_informative"":false,""global_upper"":true}",20515.34356071398,"[4734.2152027456395,11874.76708991783,3906.361268050512]",False,150,1000,False,False,129,13F/13AT learned preparation plus unmatched evaluator-only dense assembly and alpha-grid solves,13,13
structured_target_mismatch_oracle_fraction_075,pooled_cnn,17,170f9e9fcd7f86632b9a,development:2101:d7d9a77030834a1d,development,smooth_no_interface,2101,0.5809487866795722,1.1722478451322549,0.5809487866795722,1.1722478451322549,0.560046367763596,1.000428666048643,1.2275224685732231,False,0.0,0.0,0.0,-0.03732265776393615,-0.17174555759406604,False,True,joint_two_sided,evaluator_only_fractional_model_mismatch_oracle,exact_target_oracle_triangle_bound,0.75,e4705453329291111d7538cfe4d13dea0fc71c3562842c9698774bda91584a7e,True,False,True,-0.03732265776393615,-0.17174555759406604,0.03304184356850485,0.045965298329768506,inf,True,NO_ALPHA_SATISFIED_FROZEN_GATE_RETURN_RAW,0.0,129,778.065267183373,778.065267183373,"[275.33385122468957,355.2643986606421,147.46701729804118]","[275.33385122468957,355.2643986606421,147.46701729804118]","{""camera_lower"":true,""camera_lower_informative"":false,""camera_upper"":true,""global_lower"":true,""global_lower_informative"":false,""global_upper"":true}",20515.34356071398,"[4734.2152027456395,11874.76708991783,3906.361268050512]",False,150,1000,False,False,129,13F/13AT learned preparation plus unmatched evaluator-only dense assembly and alpha-grid solves,13,13
structured_exact_target_mismatch_oracle_fraction_100,pooled_cnn,17,170f9e9fcd7f86632b9a,development:2101:d7d9a77030834a1d,development,smooth_no_interface,2101,0.5809487866795722,1.1722478451322549,0.5809487866795722,1.1722478451322549,0.560046367763596,1.000428666048643,1.2275224685732231,False,0.0,0.0,0.0,-0.03732265776393615,-0.17174555759406604,False,True,joint_two_sided,evaluator_only_exact_model_mismatch_oracle,exact_target_oracle_triangle_bound,1.0,b1445888b77029e83994402878c5862dab0b0dd6ce45e81860ca8c2504673003,True,False,True,-0.03732265776393615,-0.17174555759406604,0.03304184356850485,0.045965298329768506,inf,True,NO_ALPHA_SATISFIED_FROZEN_GATE_RETURN_RAW,0.0,129,778.065267183373,778.065267183373,"[275.33385122468957,355.2643986606421,147.46701729804118]","[275.33385122468957,355.2643986606421,147.46701729804118]","{""camera_lower"":true,""camera_lower_informative"":false,""camera_upper"":true,""global_lower"":true,""global_lower_informative"":false,""global_upper"":true}",20515.34356071398,"[4734.2152027456395,11874.76708991783,3906.361268050512]",False,150,1000,False,False,129,13F/13AT learned preparation plus unmatched evaluator-only dense assembly and alpha-grid solves,13,13
structured_joint_two_sided_95,pooled_cnn,17,8b2a49fe20fc05cac560,development:2101:d7d9a77030834a1d,development,single_interface,2101,0.6605698399871641,1.1196715281161314,0.6609613739753959,1.124214441269071,0.6662449200237204,1.0629486642182415,0.9137220494233548,True,0.0,0.000592370452568002,0.00404096672856424,0.00851800871720599,-0.05336369084165259,False,False,joint_two_sided,session_joint_conformal_band,sensor_only,0.0,6afcfa8ba0164183ef84bca1477dd3b88098ee0100faf44f24a745354897dab1,False,False,True,0.00851800871720599,-0.05336369084165259,0.017385071020998455,0.02074229250269424,0.4216965034285822,False,NONE,0.13629435535619538,67,1424.3408411734933,123.33353574890215,"[168.6964349565976,889.5050854528395,366.1393207640563]","[31.337752579298154,60.09264861528901,31.90313455431498]","{""camera_lower"":true,""camera_lower_informative"":true,""camera_upper"":true,""global_lower"":true,""global_lower_informative"":true,""global_upper"":true}",58885.589065906395,"[963.3691074817789,53640.658713965364,4281.56124445926]",False,150,1000,False,False,67,13F/13AT learned preparation plus unmatched evaluator-only dense assembly and alpha-grid solves,13,13
isotropic_joint_two_sided_95,pooled_cnn,17,8b2a49fe20fc05cac560,development:2101:d7d9a77030834a1d,development,single_interface,2101,0.6603274419527249,1.119179843682582,0.6609613739753959,1.124214441269071,0.6662449200237204,1.0629486642182415,0.9528548693986061,True,0.0,0.0009591060047249196,0.004478324954450729,0.008881835933225335,-0.052901124350813615,False,False,joint_two_sided,session_joint_conformal_band,sensor_only,0.0,0bd5e37a30ed1391568f5908773ec8e9ea6a36e4001aa4c70af6ca635cc7e76d,False,False,True,0.008881835933225335,-0.052901124350813615,0.02043608794026562,0.021630641863305818,0.4216965034285822,False,NONE,0.12253675800671997,67,958.8277402386075,192.48242701070188,"[106.93705720790055,556.3964697296894,295.49421330101757]","[32.67565852436393,92.36382648514507,67.4429420011929]","{""camera_lower"":true,""camera_lower_informative"":true,""camera_upper"":true,""global_lower"":true,""global_lower_informative"":true,""global_upper"":true}",33226.154246418635,"[547.7925697780421,29769.6843895467,2908.677287093885]",False,150,1000,False,False,67,13F/13AT learned preparation plus unmatched evaluator-only dense assembly and alpha-grid solves,13,13
structured_joint_upper_95_ablation,pooled_cnn,17,8b2a49fe20fc05cac560,development:2101:d7d9a77030834a1d,development,single_interface,2101,0.6605698399871641,1.1196715281161314,0.6609613739753959,1.124214441269071,0.6662449200237204,1.0629486642182415,0.9137220494233548,True,0.0,0.000592370452568002,0.00404096672856424,0.00851800871720599,-0.05336369084165259,False,False,joint_upper_only,session_joint_conformal_upper_ablation,sensor_only,0.0,37e10e3c022972891673dbb124f1d325610253e386a60b40b23c354c21724f4e,False,False,True,0.00851800871720599,-0.05336369084165259,0.017385071020998455,0.02074229250269424,0.4216965034285822,False,NONE,0.13629435535619538,67,1424.3408411734933,123.33353574890215,"[168.6964349565976,889.5050854528395,366.1393207640563]","[31.337752579298154,60.09264861528901,31.90313455431498]","{""camera_lower"":false,""camera_lower_informative"":true,""camera_upper"":true,""global_lower"":true,""global_lower_informative"":true,""global_upper"":true}",58885.589065906395,"[963.3691074817789,53640.658713965364,4281.56124445926]",False,150,1000,False,False,67,13F/13AT learned preparation plus unmatched evaluator-only dense assembly and alpha-grid solves,13,13
structured_global_upper_95_ablation,pooled_cnn,17,8b2a49fe20fc05cac560,development:2101:d7d9a77030834a1d,development,single_interface,2101,0.660508678974056,1.1200522970759879,0.6609613739753959,1.124214441269071,0.6662449200237204,1.0629486642182415,0.9752776886870188,True,0.0,0.0006849038675545699,0.0037022689269004655,0.008609808311124064,-0.05372191036125333,False,False,global_upper_only,session_global_conformal_upper_ablation,sensor_only,0.0,eaf09a6ae59cca02326aad75884dc74ad36175ddbffcd00bb41ee438162b8ba4,False,False,True,0.008609808311124064,-0.05372191036125333,0.019104367779791773,0.022139659541831617,0.6493816315762113,False,NONE,0.12039777984935245,66,1424.3408411734933,185.10204831190228,"[168.6964349565976,889.5050854528395,366.1393207640563]","[39.52541125880159,95.6072744702746,49.96936258282607]","{""camera_lower"":true,""camera_lower_informative"":true,""camera_upper"":false,""global_lower"":true,""global_lower_informative"":true,""global_upper"":true}",58885.589065906395,"[963.3691074817789,53640.658713965364,4281.56124445926]",False,150,1000,False,False,66,13F/13AT learned preparation plus unmatched evaluator-only dense assembly and alpha-grid solves,13,13
structured_target_mismatch_oracle_fraction_025,pooled_cnn,17,8b2a49fe20fc05cac560,development:2101:d7d9a77030834a1d,development,single_interface,2101,0.6609613739753959,1.124214441269071,0.6609613739753959,1.124214441269071,0.6662449200237204,1.0629486642182415,1.8395019163272088,False,0.0,0.0,0.0,0.007930335961340422,-0.057637569069140554,False,False,joint_two_sided,evaluator_only_fractional_model_mismatch_oracle,exact_target_oracle_triangle_bound,0.25,c5eb1cd3c0204350d33ef156cc8859e6b98ccabe27e31ab085f7d691fafc537f,True,False,True,0.007930335961340422,-0.057637569069140554,0.04086657828290078,0.04175830804543382,inf,True,NO_ALPHA_SATISFIED_FROZEN_GATE_RETURN_RAW,0.0,129,1424.3408411734933,1424.3408411734933,"[168.6964349565976,889.5050854528395,366.1393207640563]","[168.6964349565976,889.5050854528395,366.1393207640563]","{""camera_lower"":true,""camera_lower_informative"":false,""camera_upper"":true,""global_lower"":true,""global_lower_informative"":false,""global_upper"":true}",58885.589065906395,"[963.3691074817789,53640.658713965364,4281.56124445926]",False,150,1000,False,False,129,13F/13AT learned preparation plus unmatched evaluator-only dense assembly and alpha-grid solves,13,13
structured_target_mismatch_oracle_fraction_050,pooled_cnn,17,8b2a49fe20fc05cac560,development:2101:d7d9a77030834a1d,development,single_interface,2101,0.6609613739753959,1.124214441269071,0.6609613739753959,1.124214441269071,0.6662449200237204,1.0629486642182415,1.8395019163272088,False,0.0,0.0,0.0,0.007930335961340422,-0.057637569069140554,False,False,joint_two_sided,evaluator_only_fractional_model_mismatch_oracle,exact_target_oracle_triangle_bound,0.5,600e8ccb6434976a4c7ffbcb9cf2434dce0b87409a3bb6717821d13f57362139,True,False,True,0.007930335961340422,-0.057637569069140554,0.04086657828290078,0.04175830804543382,inf,True,NO_ALPHA_SATISFIED_FROZEN_GATE_RETURN_RAW,0.0,129,1424.3408411734933,1424.3408411734933,"[168.6964349565976,889.5050854528395,366.1393207640563]","[168.6964349565976,889.5050854528395,366.1393207640563]","{""camera_lower"":true,""camera_lower_informative"":false,""camera_upper"":true,""global_lower"":true,""global_lower_informative"":false,""global_upper"":true}",58885.589065906395,"[963.3691074817789,53640.658713965364,4281.56124445926]",False,150,1000,False,False,129,13F/13AT learned preparation plus unmatched evaluator-only dense assembly and alpha-grid solves,13,13
structured_target_mismatch_oracle_fraction_075,pooled_cnn,17,8b2a49fe20fc05cac560,development:2101:d7d9a77030834a1d,development,single_interface,2101,0.6609613739753959,1.124214441269071,0.6609613739753959,1.124214441269071,0.6662449200237204,1.0629486642182415,1.8395019163272088,False,0.0,0.0,0.0,0.007930335961340422,-0.057637569069140554,False,False,joint_two_sided,evaluator_only_fractional_model_mismatch_oracle,exact_target_oracle_triangle_bound,0.75,e4705453329291111d7538cfe4d13dea0fc71c3562842c9698774bda91584a7e,True,False,True,0.007930335961340422,-0.057637569069140554,0.04086657828290078,0.04175830804543382,inf,True,NO_ALPHA_SATISFIED_FROZEN_GATE_RETURN_RAW,0.0,129,1424.3408411734933,1424.3408411734933,"[168.6964349565976,889.5050854528395,366.1393207640563]","[168.6964349565976,889.5050854528395,366.1393207640563]","{""camera_lower"":true,""camera_lower_informative"":false,""camera_upper"":true,""global_lower"":true,""global_lower_informative"":false,""global_upper"":true}",58885.589065906395,"[963.3691074817789,53640.658713965364,4281.56124445926]",False,150,1000,False,False,129,13F/13AT learned preparation plus unmatched evaluator-only dense assembly and alpha-grid solves,13,13
structured_exact_target_mismatch_oracle_fraction_100,pooled_cnn,17,8b2a49fe20fc05cac560,development:2101:d7d9a77030834a1d,development,single_interface,2101,0.6609613739753959,1.124214441269071,0.6609613739753959,1.124214441269071,0.6662449200237204,1.0629486642182415,1.8395019163272088,False,0.0,0.0,0.0,0.007930335961340422,-0.057637569069140554,False,False,joint_two_sided,evaluator_only_exact_model_mismatch_oracle,exact_target_oracle_triangle_bound,1.0,b1445888b77029e83994402878c5862dab0b0dd6ce45e81860ca8c2504673003,True,False,True,0.007930335961340422,-0.057637569069140554,0.04086657828290078,0.04175830804543382,inf,True,NO_ALPHA_SATISFIED_FROZEN_GATE_RETURN_RAW,0.0,129,1424.3408411734933,1424.3408411734933,"[168.6964349565976,889.5050854528395,366.1393207640563]","[168.6964349565976,889.5050854528395,366.1393207640563]","{""camera_lower"":true,""camera_lower_informative"":false,""camera_upper"":true,""global_lower"":true,""global_lower_informative"":false,""global_upper"":true}",58885.589065906395,"[963.3691074817789,53640.658713965364,4281.56124445926]",False,150,1000,False,False,129,13F/13AT learned preparation plus unmatched evaluator-only dense assembly and alpha-grid solves,13,13
structured_joint_two_sided_95,pooled_cnn,17,de074814fc16b3b9c717,ood:3109:efb5c7642b3f28db,ood,smooth_no_interface,3109,0.6087994707446482,1.2559624041997646,0.6092890972787126,1.2621805397309127,0.5935482138100872,1.0917048403617182,1.0614566607949143,True,0.0,0.0008036029796876454,0.0049265024577813555,-0.025695059945780425,-0.15045968265893403,False,True,joint_two_sided,session_joint_conformal_band,sensor_only,0.0,58cc2bb998f749b6b47a201f9d5794fc243826a1d1e3f31678e4ccd8fd1e5589,False,False,True,-0.025695059945780425,-0.15045968265893403,0.013914109064751816,0.03981019790159948,1.0,False,NONE,0.07531457676048246,65,607.7713486923556,156.43958215068454,"[195.56978379661967,168.01715029786982,244.184414597866]","[33.59511915922256,40.215485909511365,82.62897708195064]","{""camera_lower"":true,""camera_lower_informative"":true,""camera_upper"":true,""global_lower"":true,""global_lower_informative"":true,""global_upper"":true}",17536.410004258036,"[5786.2560832549625,4824.0963577190205,6926.057563284052]",False,150,1000,False,False,65,13F/13AT learned preparation plus unmatched evaluator-only dense assembly and alpha-grid solves,13,13
isotropic_joint_two_sided_95,pooled_cnn,17,de074814fc16b3b9c717,ood:3109:efb5c7642b3f28db,ood,smooth_no_interface,3109,0.6055965043257524,1.2415900015533061,0.6092890972787126,1.2621805397309127,0.5935482138100872,1.0917048403617182,0.6954506945963274,True,0.0,0.006060494056848467,0.016313465094301274,-0.020298756251535523,-0.13729458334353994,False,True,joint_two_sided,session_joint_conformal_band,sensor_only,0.0,1b2ac529c629f8777ba1a31ec5828dcb8e1880e92fe764e14a24684447560259,False,False,True,-0.020298756251535523,-0.13729458334353994,0.01747685081421715,0.02608305247427702,0.1778279410038923,False,NONE,0.21124701582685837,69,908.6719756352184,184.7734023047547,"[159.08595590694384,197.98584415987983,551.6001755683947]","[18.94544916455451,36.112985810737875,129.71496732946233]","{""camera_lower"":true,""camera_lower_informative"":true,""camera_upper"":true,""global_lower"":true,""global_lower_informative"":true,""global_upper"":true}",11128.555146391383,"[3143.6612128892284,3122.137769945185,4862.75616355697]",False,150,1000,False,False,69,13F/13AT learned preparation plus unmatched evaluator-only dense assembly and alpha-grid solves,13,13
structured_joint_upper_95_ablation,pooled_cnn,17,de074814fc16b3b9c717,ood:3109:efb5c7642b3f28db,ood,smooth_no_interface,3109,0.6086520595783328,1.2547359133266098,0.6092890972787126,1.2621805397309127,0.5935482138100872,1.0917048403617182,1.0342796572081905,True,0.0,0.0010455425892651592,0.005898226260000821,-0.02544670410393703,-0.14933621885460724,False,True,joint_upper_only,session_joint_conformal_upper_ablation,sensor_only,0.0,8fd9be9b5b38f474263081971d54b19db07d2201449bd8de2b4e7565d4f747b7,False,False,True,-0.02544670410393703,-0.14933621885460724,0.011833138337641597,0.038790917575684224,0.6493816315762113,False,NONE,0.08818595244910589,66,607.7713486923556,120.05221545999541,"[195.56978379661967,168.01715029786982,244.184414597866]","[23.17160322715398,29.15461636403475,67.72599586880668]","{""camera_lower"":false,""camera_lower_informative"":true,""camera_upper"":true,""global_lower"":true,""global_lower_informative"":true,""global_upper"":true}",17536.410004258036,"[5786.2560832549625,4824.0963577190205,6926.057563284052]",False,150,1000,False,False,66,13F/13AT learned preparation plus unmatched evaluator-only dense assembly and alpha-grid solves,13,13
structured_global_upper_95_ablation,pooled_cnn,17,de074814fc16b3b9c717,ood:3109:efb5c7642b3f28db,ood,smooth_no_interface,3109,0.6089261515200732,1.2571889657960704,0.6092890972787126,1.2621805397309127,0.5935482138100872,1.0917048403617182,1.0913232332847103,True,0.0,0.0005956872694102245,0.003954722623046028,-0.025908489575383397,-0.15158321124556137,False,True,global_upper_only,session_global_conformal_upper_ablation,sensor_only,0.0,991f72955e741e12fcd05450698366e73c4f2b994d95c42def649054d9bf0e7e,False,False,True,-0.025908489575383397,-0.15158321124556137,0.01626443615301413,0.040930351182818535,1.539926526059492,False,NONE,0.06211690933307722,64,607.7713486923556,204.5890249547156,"[195.56978379661967,168.01715029786982,244.184414597866]","[48.21183307953666,54.97929991822916,101.39789195694976]","{""camera_lower"":true,""camera_lower_informative"":true,""camera_upper"":false,""global_lower"":true,""global_lower_informative"":true,""global_upper"":true}",17536.410004258036,"[5786.2560832549625,4824.0963577190205,6926.057563284052]",False,150,1000,False,False,64,13F/13AT learned preparation plus unmatched evaluator-only dense assembly and alpha-grid solves,13,13
structured_target_mismatch_oracle_fraction_025,pooled_cnn,17,de074814fc16b3b9c717,ood:3109:efb5c7642b3f28db,ood,smooth_no_interface,3109,0.6092890972787126,1.2621805397309127,0.6092890972787126,1.2621805397309127,0.5935482138100872,1.0917048403617182,1.2805373496467711,False,0.0,0.0,0.0,-0.02651997445596212,-0.1561554854998263,False,True,joint_two_sided,evaluator_only_fractional_model_mismatch_oracle,exact_target_oracle_triangle_bound,0.25,59834e63219be6cebe5400a8922e5015718d1ce00a18f8a728187ecb3284207d,True,False,True,-0.02651997445596212,-0.1561554854998263,0.029080520419448534,0.048026874005058666,inf,True,NO_ALPHA_SATISFIED_FROZEN_GATE_RETURN_RAW,0.0,129,607.7713486923556,607.7713486923556,"[195.56978379661967,168.01715029786982,244.184414597866]","[195.56978379661967,168.01715029786982,244.184414597866]","{""camera_lower"":true,""camera_lower_informative"":false,""camera_upper"":true,""global_lower"":true,""global_lower_informative"":false,""global_upper"":true}",17536.410004258036,"[5786.2560832549625,4824.0963577190205,6926.057563284052]",False,150,1000,False,False,129,13F/13AT learned preparation plus unmatched evaluator-only dense assembly and alpha-grid solves,13,13
structured_target_mismatch_oracle_fraction_050,pooled_cnn,17,de074814fc16b3b9c717,ood:3109:efb5c7642b3f28db,ood,smooth_no_interface,3109,0.6092890972787126,1.2621805397309127,0.6092890972787126,1.2621805397309127,0.5935482138100872,1.0917048403617182,1.2805373496467711,False,0.0,0.0,0.0,-0.02651997445596212,-0.1561554854998263,False,True,joint_two_sided,evaluator_only_fractional_model_mismatch_oracle,exact_target_oracle_triangle_bound,0.5,6213bc0687b702a48a7e1d498d46b981fb6a43d93b44b2f017a7986c1baf4a00,True,False,True,-0.02651997445596212,-0.1561554854998263,0.029080520419448534,0.048026874005058666,inf,True,NO_ALPHA_SATISFIED_FROZEN_GATE_RETURN_RAW,0.0,129,607.7713486923556,607.7713486923556,"[195.56978379661967,168.01715029786982,244.184414597866]","[195.56978379661967,168.01715029786982,244.184414597866]","{""camera_lower"":true,""camera_lower_informative"":false,""camera_upper"":true,""global_lower"":true,""global_lower_informative"":false,""global_upper"":true}",17536.410004258036,"[5786.2560832549625,4824.0963577190205,6926.057563284052]",False,150,1000,False,False,129,13F/13AT learned preparation plus unmatched evaluator-only dense assembly and alpha-grid solves,13,13
structured_target_mismatch_oracle_fraction_075,pooled_cnn,17,de074814fc16b3b9c717,ood:3109:efb5c7642b3f28db,ood,smooth_no_interface,3109,0.6092890972787126,1.2621805397309127,0.6092890972787126,1.2621805397309127,0.5935482138100872,1.0917048403617182,1.2805373496467711,False,0.0,0.0,0.0,-0.02651997445596212,-0.1561554854998263,False,True,joint_two_sided,evaluator_only_fractional_model_mismatch_oracle,exact_target_oracle_triangle_bound,0.75,16bc45c63ae0e8c967816a8730e8b30ec22beb0088c06938636b246f304f6253,True,False,True,-0.02651997445596212,-0.1561554854998263,0.029080520419448534,0.048026874005058666,inf,True,NO_ALPHA_SATISFIED_FROZEN_GATE_RETURN_RAW,0.0,129,607.7713486923556,607.7713486923556,"[195.56978379661967,168.01715029786982,244.184414597866]","[195.56978379661967,168.01715029786982,244.184414597866]","{""camera_lower"":true,""camera_lower_informative"":false,""camera_upper"":true,""global_lower"":true,""global_lower_informative"":false,""global_upper"":true}",17536.410004258036,"[5786.2560832549625,4824.0963577190205,6926.057563284052]",False,150,1000,False,False,129,13F/13AT learned preparation plus unmatched evaluator-only dense assembly and alpha-grid solves,13,13
structured_exact_target_mismatch_oracle_fraction_100,pooled_cnn,17,de074814fc16b3b9c717,ood:3109:efb5c7642b3f28db,ood,smooth_no_interface,3109,0.6092890972787126,1.2621805397309127,0.6092890972787126,1.2621805397309127,0.5935482138100872,1.0917048403617182,1.2805373496467711,False,0.0,0.0,0.0,-0.02651997445596212,-0.1561554854998263,False,True,joint_two_sided,evaluator_only_exact_model_mismatch_oracle,exact_target_oracle_triangle_bound,1.0,671a9d1beaa72c6f490fea827d720431e04efad99f1dd5fcc255cedacb566fc7,True,False,True,-0.02651997445596212,-0.1561554854998263,0.029080520419448534,0.048026874005058666,inf,True,NO_ALPHA_SATISFIED_FROZEN_GATE_RETURN_RAW,0.0,129,607.7713486923556,607.7713486923556,"[195.56978379661967,168.01715029786982,244.184414597866]","[195.56978379661967,168.01715029786982,244.184414597866]","{""camera_lower"":true,""camera_lower_informative"":false,""camera_upper"":true,""global_lower"":true,""global_lower_informative"":false,""global_upper"":true}",17536.410004258036,"[5786.2560832549625,4824.0963577190205,6926.057563284052]",False,150,1000,False,False,129,13F/13AT learned preparation plus unmatched evaluator-only dense assembly and alpha-grid solves,13,13
structured_joint_two_sided_95,pooled_cnn,17,5b2c960052a2205fbab9,ood:3109:efb5c7642b3f28db,ood,single_interface,3109,0.6959267366999311,1.1780450498949526,0.6979974222310433,1.1822289331831388,0.687697898694753,1.0656736751936888,1.039969911821418,True,0.0,0.002966609138030328,0.0035389789327191774,-0.011965774536749994,-0.10544632687941739,False,True,joint_two_sided,session_joint_conformal_band,sensor_only,0.0,58cc2bb998f749b6b47a201f9d5794fc243826a1d1e3f31678e4ccd8fd1e5589,False,False,True,-0.011965774536749994,-0.10544632687941739,0.017120052153941783,0.05422305442263546,0.6493816315762113,False,NONE,0.10810204674958314,66,913.428868826572,180.45483828796526,"[266.5941208750449,421.7235994712273,225.11114848029996]","[28.939528057515723,67.52970663228457,83.98560359816496]","{""camera_lower"":true,""camera_lower_informative"":true,""camera_upper"":true,""global_lower"":true,""global_lower_informative"":true,""global_upper"":true}",45288.4685061701,"[4129.242775851113,40880.93853108861,278.2871992303817]",False,150,1000,False,False,66,13F/13AT learned preparation plus unmatched evaluator-only dense assembly and alpha-grid solves,13,13
isotropic_joint_two_sided_95,pooled_cnn,17,5b2c960052a2205fbab9,ood:3109:efb5c7642b3f28db,ood,single_interface,3109,0.6909354926317784,1.1593406315542325,0.6979974222310433,1.1822289331831388,0.687697898694753,1.0656736751936888,0.65357193340432,True,0.0,0.010117415013786858,0.019360295613202266,-0.004707872371240965,-0.08789459526014798,False,False,joint_two_sided,session_joint_conformal_band,sensor_only,0.0,1b2ac529c629f8777ba1a31ec5828dcb8e1880e92fe764e14a24684447560259,False,False,True,-0.004707872371240965,-0.08789459526014798,0.021195835245333406,0.03407662674780825,0.11547819846894582,False,NONE,0.292645109786138,70,1237.6893244959083,176.8174160300104,"[196.4300896421359,370.09662131387915,671.1626135398933]","[15.432182287175781,33.42987205076909,127.95536169206551]","{""camera_lower"":true,""camera_lower_informative"":true,""camera_upper"":true,""global_lower"":true,""global_lower_informative"":true,""global_upper"":true}",27651.56466658285,"[2208.199008354768,25217.33808883672,226.02756939136066]",False,150,1000,False,False,70,13F/13AT learned preparation plus unmatched evaluator-only dense assembly and alpha-grid solves,13,13
structured_joint_upper_95_ablation,pooled_cnn,17,5b2c960052a2205fbab9,ood:3109:efb5c7642b3f28db,ood,single_interface,3109,0.6957997493371458,1.1774330279265837,0.6979974222310433,1.1822289331831388,0.687697898694753,1.0656736751936888,1.0154127167998728,True,0.0,0.0031485401290924056,0.004056663749247137,-0.011781118799068825,-0.10487202164638466,False,True,joint_upper_only,session_joint_conformal_upper_ablation,sensor_only,0.0,8fd9be9b5b38f474263081971d54b19db07d2201449bd8de2b4e7565d4f747b7,False,False,True,-0.011781118799068825,-0.10487202164638466,0.015037370804411811,0.052942665339274005,0.4216965034285822,False,NONE,0.12302987230877277,67,913.428868826572,141.6664352113963,"[266.5941208750449,421.7235994712273,225.11114848029996]","[19.419845008244394,47.51984517044823,74.72674503270368]","{""camera_lower"":false,""camera_lower_informative"":true,""camera_upper"":true,""global_lower"":true,""global_lower_informative"":true,""global_upper"":true}",45288.4685061701,"[4129.242775851113,40880.93853108861,278.2871992303817]",False,150,1000,False,False,67,13F/13AT learned preparation plus unmatched evaluator-only dense assembly and alpha-grid solves,13,13
structured_global_upper_95_ablation,pooled_cnn,17,5b2c960052a2205fbab9,ood:3109:efb5c7642b3f28db,ood,single_interface,3109,0.6959267366999311,1.1780450498949526,0.6979974222310433,1.1822289331831388,0.687697898694753,1.0656736751936888,1.039969911821418,True,0.0,0.002966609138030328,0.0035389789327191774,-0.011965774536749994,-0.10544632687941739,False,True,global_upper_only,session_global_conformal_upper_ablation,sensor_only,0.0,991f72955e741e12fcd05450698366e73c4f2b994d95c42def649054d9bf0e7e,False,False,True,-0.011965774536749994,-0.10544632687941739,0.017120052153941783,0.05422305442263546,0.6493816315762113,False,NONE,0.10810204674958314,66,913.428868826572,180.45483828796526,"[266.5941208750449,421.7235994712273,225.11114848029996]","[28.939528057515723,67.52970663228457,83.98560359816496]","{""camera_lower"":true,""camera_lower_informative"":true,""camera_upper"":false,""global_lower"":true,""global_lower_informative"":true,""global_upper"":true}",45288.4685061701,"[4129.242775851113,40880.93853108861,278.2871992303817]",False,150,1000,False,False,66,13F/13AT learned preparation plus unmatched evaluator-only dense assembly and alpha-grid solves,13,13
structured_target_mismatch_oracle_fraction_025,pooled_cnn,17,5b2c960052a2205fbab9,ood:3109:efb5c7642b3f28db,ood,single_interface,3109,0.6979974222310433,1.1822289331831388,0.6979974222310433,1.1822289331831388,0.687697898694753,1.0656736751936888,1.2796674719784238,False,0.0,0.0,0.0,-0.014976814028134767,-0.10937237233364687,False,True,joint_two_sided,evaluator_only_fractional_model_mismatch_oracle,exact_target_oracle_triangle_bound,0.25,59834e63219be6cebe5400a8922e5015718d1ce00a18f8a728187ecb3284207d,True,False,True,-0.014976814028134767,-0.10937237233364687,0.03883101976381849,0.06672066007605566,inf,True,NO_ALPHA_SATISFIED_FROZEN_GATE_RETURN_RAW,0.0,129,913.428868826572,913.428868826572,"[266.5941208750449,421.7235994712273,225.11114848029996]","[266.5941208750449,421.7235994712273,225.11114848029996]","{""camera_lower"":true,""camera_lower_informative"":false,""camera_upper"":false,""global_lower"":true,""global_lower_informative"":false,""global_upper"":true}",45288.4685061701,"[4129.242775851113,40880.93853108861,278.2871992303817]",False,150,1000,False,False,129,13F/13AT learned preparation plus unmatched evaluator-only dense assembly and alpha-grid solves,13,13
structured_target_mismatch_oracle_fraction_050,pooled_cnn,17,5b2c960052a2205fbab9,ood:3109:efb5c7642b3f28db,ood,single_interface,3109,0.6979974222310433,1.1822289331831388,0.6979974222310433,1.1822289331831388,0.687697898694753,1.0656736751936888,1.2796674719784238,False,0.0,0.0,0.0,-0.014976814028134767,-0.10937237233364687,False,True,joint_two_sided,evaluator_only_fractional_model_mismatch_oracle,exact_target_oracle_triangle_bound,0.5,6213bc0687b702a48a7e1d498d46b981fb6a43d93b44b2f017a7986c1baf4a00,True,False,True,-0.014976814028134767,-0.10937237233364687,0.03883101976381849,0.06672066007605566,inf,True,NO_ALPHA_SATISFIED_FROZEN_GATE_RETURN_RAW,0.0,129,913.428868826572,913.428868826572,"[266.5941208750449,421.7235994712273,225.11114848029996]","[266.5941208750449,421.7235994712273,225.11114848029996]","{""camera_lower"":true,""camera_lower_informative"":false,""camera_upper"":true,""global_lower"":true,""global_lower_informative"":false,""global_upper"":true}",45288.4685061701,"[4129.242775851113,40880.93853108861,278.2871992303817]",False,150,1000,False,False,129,13F/13AT learned preparation plus unmatched evaluator-only dense assembly and alpha-grid solves,13,13
structured_target_mismatch_oracle_fraction_075,pooled_cnn,17,5b2c960052a2205fbab9,ood:3109:efb5c7642b3f28db,ood,single_interface,3109,0.6979974222310433,1.1822289331831388,0.6979974222310433,1.1822289331831388,0.687697898694753,1.0656736751936888,1.2796674719784238,False,0.0,0.0,0.0,-0.014976814028134767,-0.10937237233364687,False,True,joint_two_sided,evaluator_only_fractional_model_mismatch_oracle,exact_target_oracle_triangle_bound,0.75,16bc45c63ae0e8c967816a8730e8b30ec22beb0088c06938636b246f304f6253,True,False,True,-0.014976814028134767,-0.10937237233364687,0.03883101976381849,0.06672066007605566,inf,True,NO_ALPHA_SATISFIED_FROZEN_GATE_RETURN_RAW,0.0,129,913.428868826572,913.428868826572,"[266.5941208750449,421.7235994712273,225.11114848029996]","[266.5941208750449,421.7235994712273,225.11114848029996]","{""camera_lower"":true,""camera_lower_informative"":false,""camera_upper"":true,""global_lower"":true,""global_lower_informative"":false,""global_upper"":true}",45288.4685061701,"[4129.242775851113,40880.93853108861,278.2871992303817]",False,150,1000,False,False,129,13F/13AT learned preparation plus unmatched evaluator-only dense assembly and alpha-grid solves,13,13
structured_exact_target_mismatch_oracle_fraction_100,pooled_cnn,17,5b2c960052a2205fbab9,ood:3109:efb5c7642b3f28db,ood,single_interface,3109,0.6979974222310433,1.1822289331831388,0.6979974222310433,1.1822289331831388,0.687697898694753,1.0656736751936888,1.2796674719784238,False,0.0,0.0,0.0,-0.014976814028134767,-0.10937237233364687,False,True,joint_two_sided,evaluator_only_exact_model_mismatch_oracle,exact_target_oracle_triangle_bound,1.0,671a9d1beaa72c6f490fea827d720431e04efad99f1dd5fcc255cedacb566fc7,True,False,True,-0.014976814028134767,-0.10937237233364687,0.03883101976381849,0.06672066007605566,inf,True,NO_ALPHA_SATISFIED_FROZEN_GATE_RETURN_RAW,0.0,129,913.428868826572,913.428868826572,"[266.5941208750449,421.7235994712273,225.11114848029996]","[266.5941208750449,421.7235994712273,225.11114848029996]","{""camera_lower"":true,""camera_lower_informative"":false,""camera_upper"":true,""global_lower"":true,""global_lower_informative"":false,""global_upper"":true}",45288.4685061701,"[4129.242775851113,40880.93853108861,278.2871992303817]",False,150,1000,False,False,129,13F/13AT learned preparation plus unmatched evaluator-only dense assembly and alpha-grid solves,13,13
structured_joint_two_sided_95,pooled_cnn,17,8c0534437252e57531b4,ood:3109:efb5c7642b3f28db,ood,two_interface,3109,0.7369856181260798,1.3693170735109776,0.7404625932961278,1.3656125500188505,0.6065993716332124,1.0464461012043476,1.10155536757921,True,0.0,0.004695679702833494,-0.002712719279034156,-0.21494622742818623,-0.3085404703931145,False,True,joint_two_sided,session_joint_conformal_band,sensor_only,0.0,58cc2bb998f749b6b47a201f9d5794fc243826a1d1e3f31678e4ccd8fd1e5589,False,False,True,-0.21494622742818623,-0.3085404703931145,0.02950999381567991,0.09840516037036322,1.0,False,NONE,0.07632959034999263,65,618.9337530727031,168.68898200684447,"[123.78405863624454,305.98097217667384,189.16872225978472]","[29.496599271985396,67.15922196491266,72.03316076994642]","{""camera_lower"":true,""camera_lower_informative"":true,""camera_upper"":true,""global_lower"":true,""global_lower_informative"":true,""global_upper"":true}",13431.025972646054,"[244.5244116990447,13060.99168485874,125.50987608826601]",False,150,1000,False,False,65,13F/13AT learned preparation plus unmatched evaluator-only dense assembly and alpha-grid solves,13,13
isotropic_joint_two_sided_95,pooled_cnn,17,8c0534437252e57531b4,ood:3109:efb5c7642b3f28db,ood,two_interface,3109,0.7174966026322419,1.3381853455940487,0.7404625932961278,1.3656125500188505,0.6065993716332124,1.0464461012043476,0.6602056590190907,True,0.0,0.03101573377482057,0.02008417718804887,-0.18281791275261133,-0.27879051205211663,False,True,joint_two_sided,session_joint_conformal_band,sensor_only,0.0,1b2ac529c629f8777ba1a31ec5828dcb8e1880e92fe764e14a24684447560259,False,False,True,-0.18281791275261133,-0.27879051205211663,0.038299285333485825,0.05897810102452549,0.11547819846894582,False,NONE,0.27309204966010203,70,1018.0908858481611,156.21404298365675,"[162.36721291900744,314.66619132192966,541.0574816072241]","[29.215169992427146,23.589627340294882,103.40924565093472]","{""camera_lower"":true,""camera_lower_informative"":true,""camera_upper"":true,""global_lower"":true,""global_lower_informative"":true,""global_upper"":true}",8194.525968397114,"[134.70455748169036,7968.307139718291,91.51427119713418]",False,150,1000,False,False,70,13F/13AT learned preparation plus unmatched evaluator-only dense assembly and alpha-grid solves,13,13
structured_joint_upper_95_ablation,pooled_cnn,17,8c0534437252e57531b4,ood:3109:efb5c7642b3f28db,ood,two_interface,3109,0.7369856181260798,1.3693170735109776,0.7404625932961278,1.3656125500188505,0.6065993716332124,1.0464461012043476,1.10155536757921,True,0.0,0.004695679702833494,-0.002712719279034156,-0.21494622742818623,-0.3085404703931145,False,True,joint_upper_only,session_joint_conformal_upper_ablation,sensor_only,0.0,8fd9be9b5b38f474263081971d54b19db07d2201449bd8de2b4e7565d4f747b7,False,False,True,-0.21494622742818623,-0.3085404703931145,0.02950999381567991,0.09840516037036322,1.0,False,NONE,0.07632959034999263,65,618.9337530727031,168.68898200684447,"[123.78405863624454,305.98097217667384,189.16872225978472]","[29.496599271985396,67.15922196491266,72.03316076994642]","{""camera_lower"":true,""camera_lower_informative"":true,""camera_upper"":true,""global_lower"":true,""global_lower_informative"":true,""global_upper"":true}",13431.025972646054,"[244.5244116990447,13060.99168485874,125.50987608826601]",False,150,1000,False,False,65,13F/13AT learned preparation plus unmatched evaluator-only dense assembly and alpha-grid solves,13,13
structured_global_upper_95_ablation,pooled_cnn,17,8c0534437252e57531b4,ood:3109:efb5c7642b3f28db,ood,two_interface,3109,0.7369856181260798,1.3693170735109776,0.7404625932961278,1.3656125500188505,0.6065993716332124,1.0464461012043476,1.10155536757921,True,0.0,0.004695679702833494,-0.002712719279034156,-0.21494622742818623,-0.3085404703931145,False,True,global_upper_only,session_global_conformal_upper_ablation,sensor_only,0.0,991f72955e741e12fcd05450698366e73c4f2b994d95c42def649054d9bf0e7e,False,False,True,-0.21494622742818623,-0.3085404703931145,0.02950999381567991,0.09840516037036322,1.0,False,NONE,0.07632959034999263,65,618.9337530727031,168.68898200684447,"[123.78405863624454,305.98097217667384,189.16872225978472]","[29.496599271985396,67.15922196491266,72.03316076994642]","{""camera_lower"":true,""camera_lower_informative"":true,""camera_upper"":true,""global_lower"":true,""global_lower_informative"":true,""global_upper"":true}",13431.025972646054,"[244.5244116990447,13060.99168485874,125.50987608826601]",False,150,1000,False,False,65,13F/13AT learned preparation plus unmatched evaluator-only dense assembly and alpha-grid solves,13,13
structured_target_mismatch_oracle_fraction_025,pooled_cnn,17,8c0534437252e57531b4,ood:3109:efb5c7642b3f28db,ood,two_interface,3109,0.7404625932961278,1.3656125500188505,0.7404625932961278,1.3656125500188505,0.6065993716332124,1.0464461012043476,1.2562944377423906,False,0.0,0.0,0.0,-0.22067814099856572,-0.3050003707282931,False,True,joint_two_sided,evaluator_only_fractional_model_mismatch_oracle,exact_target_oracle_triangle_bound,0.25,59834e63219be6cebe5400a8922e5015718d1ce00a18f8a728187ecb3284207d,True,False,True,-0.22067814099856572,-0.3050003707282931,0.05912108508411831,0.11222845374546789,inf,True,NO_ALPHA_SATISFIED_FROZEN_GATE_RETURN_RAW,0.0,129,618.9337530727031,618.9337530727031,"[123.78405863624454,305.98097217667384,189.16872225978472]","[123.78405863624454,305.98097217667384,189.16872225978472]","{""camera_lower"":true,""camera_lower_informative"":false,""camera_upper"":false,""global_lower"":true,""global_lower_informative"":false,""global_upper"":true}",13431.025972646054,"[244.5244116990447,13060.99168485874,125.50987608826601]",False,150,1000,False,False,129,13F/13AT learned preparation plus unmatched evaluator-only dense assembly and alpha-grid solves,13,13
structured_target_mismatch_oracle_fraction_050,pooled_cnn,17,8c0534437252e57531b4,ood:3109:efb5c7642b3f28db,ood,two_interface,3109,0.7404625932961278,1.3656125500188505,0.7404625932961278,1.3656125500188505,0.6065993716332124,1.0464461012043476,1.2562944377423906,False,0.0,0.0,0.0,-0.22067814099856572,-0.3050003707282931,False,True,joint_two_sided,evaluator_only_fractional_model_mismatch_oracle,exact_target_oracle_triangle_bound,0.5,6213bc0687b702a48a7e1d498d46b981fb6a43d93b44b2f017a7986c1baf4a00,True,False,True,-0.22067814099856572,-0.3050003707282931,0.05912108508411831,0.11222845374546789,inf,True,NO_ALPHA_SATISFIED_FROZEN_GATE_RETURN_RAW,0.0,129,618.9337530727031,618.9337530727031,"[123.78405863624454,305.98097217667384,189.16872225978472]","[123.78405863624454,305.98097217667384,189.16872225978472]","{""camera_lower"":true,""camera_lower_informative"":false,""camera_upper"":true,""global_lower"":true,""global_lower_informative"":false,""global_upper"":true}",13431.025972646054,"[244.5244116990447,13060.99168485874,125.50987608826601]",False,150,1000,False,False,129,13F/13AT learned preparation plus unmatched evaluator-only dense assembly and alpha-grid solves,13,13
structured_target_mismatch_oracle_fraction_075,pooled_cnn,17,8c0534437252e57531b4,ood:3109:efb5c7642b3f28db,ood,two_interface,3109,0.7404625932961278,1.3656125500188505,0.7404625932961278,1.3656125500188505,0.6065993716332124,1.0464461012043476,1.2562944377423906,False,0.0,0.0,0.0,-0.22067814099856572,-0.3050003707282931,False,True,joint_two_sided,evaluator_only_fractional_model_mismatch_oracle,exact_target_oracle_triangle_bound,0.75,16bc45c63ae0e8c967816a8730e8b30ec22beb0088c06938636b246f304f6253,True,False,True,-0.22067814099856572,-0.3050003707282931,0.05912108508411831,0.11222845374546789,inf,True,NO_ALPHA_SATISFIED_FROZEN_GATE_RETURN_RAW,0.0,129,618.9337530727031,618.9337530727031,"[123.78405863624454,305.98097217667384,189.16872225978472]","[123.78405863624454,305.98097217667384,189.16872225978472]","{""camera_lower"":true,""camera_lower_informative"":false,""camera_upper"":true,""global_lower"":true,""global_lower_informative"":false,""global_upper"":true}",13431.025972646054,"[244.5244116990447,13060.99168485874,125.50987608826601]",False,150,1000,False,False,129,13F/13AT learned preparation plus unmatched evaluator-only dense assembly and alpha-grid solves,13,13
structured_exact_target_mismatch_oracle_fraction_100,pooled_cnn,17,8c0534437252e57531b4,ood:3109:efb5c7642b3f28db,ood,two_interface,3109,0.7404625932961278,1.3656125500188505,0.7404625932961278,1.3656125500188505,0.6065993716332124,1.0464461012043476,1.2562944377423906,False,0.0,0.0,0.0,-0.22067814099856572,-0.3050003707282931,False,True,joint_two_sided,evaluator_only_exact_model_mismatch_oracle,exact_target_oracle_triangle_bound,1.0,671a9d1beaa72c6f490fea827d720431e04efad99f1dd5fcc255cedacb566fc7,True,False,True,-0.22067814099856572,-0.3050003707282931,0.05912108508411831,0.11222845374546789,inf,True,NO_ALPHA_SATISFIED_FROZEN_GATE_RETURN_RAW,0.0,129,618.9337530727031,618.9337530727031,"[123.78405863624454,305.98097217667384,189.16872225978472]","[123.78405863624454,305.98097217667384,189.16872225978472]","{""camera_lower"":true,""camera_lower_informative"":false,""camera_upper"":true,""global_lower"":true,""global_lower_informative"":false,""global_upper"":true}",13431.025972646054,"[244.5244116990447,13060.99168485874,125.50987608826601]",False,150,1000,False,False,129,13F/13AT learned preparation plus unmatched evaluator-only dense assembly and alpha-grid solves,13,13
